<ImportExportXml xmlns:xsi="http://www.w3.org/2001/XMLSchema-instance">
  <Entities></Entities>
  <Roles></Roles>
  <Workflows></Workflows>
  <FieldSecurityProfiles></FieldSecurityProfiles>
  <Templates />
  <EntityMaps />
  <EntityRelationships />
  <OrganizationSettings />
  <optionsets />
  <WebResources>
    <WebResource>
      <WebResourceId>{e159c2d9-e8cb-e511-80d6-005056aaff4f}</WebResourceId>
      <Name>iq_/iqhtmleditor/jquery.min.js</Name>
      <DisplayName>/iqhtmleditor/jquery.min.js</DisplayName>
      <WebResourceType>3</WebResourceType>
      <IntroducedVersion>1.0.00</IntroducedVersion>
      <IsEnabledForMobileClient>0</IsEnabledForMobileClient>
      <IsCustomizable>1</IsCustomizable>
      <CanBeDeleted>1</CanBeDeleted>
      <IsHidden>0</IsHidden>
      <FileName>/WebResources/iq_iqhtmleditorjqueryminjsE159C2D9-E8CB-E511-80D6-005056AAFF4F</FileName>
    </WebResource>
    <WebResource>
      <WebResourceId>{2a5e1df7-e8cb-e511-80d6-005056aaff4f}</WebResourceId>
      <Name>iq_/iqhtmleditor/tinymce.min.js</Name>
      <DisplayName>/iqhtmleditor/tinymce.min.js</DisplayName>
      <WebResourceType>3</WebResourceType>
      <IntroducedVersion>1.0.00</IntroducedVersion>
      <IsEnabledForMobileClient>0</IsEnabledForMobileClient>
      <IsCustomizable>1</IsCustomizable>
      <CanBeDeleted>1</CanBeDeleted>
      <IsHidden>0</IsHidden>
      <FileName>/WebResources/iq_iqhtmleditortinymceminjs2A5E1DF7-E8CB-E511-80D6-005056AAFF4F</FileName>
    </WebResource>
    <WebResource>
      <WebResourceId>{c2b46f0b-e9cb-e511-80d6-005056aaff4f}</WebResourceId>
      <Name>iq_/iqhtmleditor/index.html</Name>
      <DisplayName>/iqhtmleditor/index.html</DisplayName>
      <WebResourceType>1</WebResourceType>
      <IntroducedVersion>1.0.00</IntroducedVersion>
      <IsEnabledForMobileClient>0</IsEnabledForMobileClient>
      <IsCustomizable>1</IsCustomizable>
      <CanBeDeleted>1</CanBeDeleted>
      <IsHidden>0</IsHidden>
      <FileName>/WebResources/iq_iqhtmleditorindexhtmlC2B46F0B-E9CB-E511-80D6-005056AAFF4F</FileName>
    </WebResource>
    <WebResource>
      <WebResourceId>{608e171b-e9cb-e511-80d6-005056aaff4f}</WebResourceId>
      <Name>iq_/iqhtmleditor/app.js</Name>
      <DisplayName>/iqhtmleditor/app.js</DisplayName>
      <WebResourceType>3</WebResourceType>
      <IntroducedVersion>1.0.00</IntroducedVersion>
      <IsEnabledForMobileClient>0</IsEnabledForMobileClient>
      <IsCustomizable>1</IsCustomizable>
      <CanBeDeleted>1</CanBeDeleted>
      <IsHidden>0</IsHidden>
      <FileName>/WebResources/iq_iqhtmleditorappjs608E171B-E9CB-E511-80D6-005056AAFF4F</FileName>
    </WebResource>
    <WebResource>
      <WebResourceId>{e4a5e81d-eacb-e511-80d6-005056aaff4f}</WebResourceId>
      <Name>iq_/iqhtmleditor/skins/lightgray/skin.min.css</Name>
      <DisplayName>/iqhtmleditor/skins/lightgray/skin.min.css</DisplayName>
      <WebResourceType>2</WebResourceType>
      <IntroducedVersion>1.0.00</IntroducedVersion>
      <IsEnabledForMobileClient>0</IsEnabledForMobileClient>
      <IsCustomizable>1</IsCustomizable>
      <CanBeDeleted>1</CanBeDeleted>
      <IsHidden>0</IsHidden>
      <FileName>/WebResources/iq_iqhtmleditorskinslightgrayskinmincssE4A5E81D-EACB-E511-80D6-005056AAFF4F</FileName>
    </WebResource>
    <WebResource>
      <WebResourceId>{03c2f93a-eacb-e511-80d6-005056aaff4f}</WebResourceId>
      <Name>iq_/iqhtmleditor/skins/lightgray/content.min.css</Name>
      <DisplayName>/iqhtmleditor/skins/lightgray/content.min.css</DisplayName>
      <WebResourceType>2</WebResourceType>
      <IntroducedVersion>1.0.00</IntroducedVersion>
      <IsEnabledForMobileClient>0</IsEnabledForMobileClient>
      <IsCustomizable>1</IsCustomizable>
      <CanBeDeleted>1</CanBeDeleted>
      <IsHidden>0</IsHidden>
      <FileName>/WebResources/iq_iqhtmleditorskinslightgraycontentmincss03C2F93A-EACB-E511-80D6-005056AAFF4F</FileName>
    </WebResource>
    <WebResource>
      <WebResourceId>{a8374cfd-eacb-e511-80d6-005056aaff4f}</WebResourceId>
      <Name>iq_/iqhtmleditor/skins/lightgray/fonts/tinymce.eot</Name>
      <DisplayName>/iqhtmleditor/skins/lightgray/fonts/tinymce.eot</DisplayName>
      <WebResourceType>2</WebResourceType>
      <IntroducedVersion>1.0.00</IntroducedVersion>
      <IsEnabledForMobileClient>0</IsEnabledForMobileClient>
      <IsCustomizable>1</IsCustomizable>
      <CanBeDeleted>1</CanBeDeleted>
      <IsHidden>0</IsHidden>
      <FileName>/WebResources/iq_iqhtmleditorskinslightgrayfontstinymceeotA8374CFD-EACB-E511-80D6-005056AAFF4F</FileName>
    </WebResource>
    <WebResource>
      <WebResourceId>{2a371a0d-ebcb-e511-80d6-005056aaff4f}</WebResourceId>
      <Name>iq_/iqhtmleditor/skins/lightgray/fonts/tinymce.woff</Name>
      <DisplayName>/iqhtmleditor/skins/lightgray/fonts/tinymce.woff</DisplayName>
      <WebResourceType>2</WebResourceType>
      <IntroducedVersion>1.0.00</IntroducedVersion>
      <IsEnabledForMobileClient>0</IsEnabledForMobileClient>
      <IsCustomizable>1</IsCustomizable>
      <CanBeDeleted>1</CanBeDeleted>
      <IsHidden>0</IsHidden>
      <FileName>/WebResources/iq_iqhtmleditorskinslightgrayfontstinymcewoff2A371A0D-EBCB-E511-80D6-005056AAFF4F</FileName>
    </WebResource>
    <WebResource>
      <WebResourceId>{80aff459-ebcb-e511-80d6-005056aaff4f}</WebResourceId>
      <Name>iq_/iqhtmleditor/plugins/visualblocks/css/visualblocks.css</Name>
      <DisplayName>/iqhtmleditor/plugins/visualblocks/css/visualblocks.css</DisplayName>
      <WebResourceType>2</WebResourceType>
      <IntroducedVersion>1.0.00</IntroducedVersion>
      <IsEnabledForMobileClient>0</IsEnabledForMobileClient>
      <IsCustomizable>1</IsCustomizable>
      <CanBeDeleted>1</CanBeDeleted>
      <IsHidden>0</IsHidden>
      <FileName>/WebResources/iq_iqhtmleditorpluginsvisualblockscssvisualblocksc80AFF459-EBCB-E511-80D6-005056AAFF4F</FileName>
    </WebResource>
    <WebResource>
      <WebResourceId>{923dd881-ebcb-e511-80d6-005056aaff4f}</WebResourceId>
      <Name>iq_/iqhtmleditor/skins/lightgray/img/anchor.gif</Name>
      <DisplayName>/iqhtmleditor/skins/lightgray/img/anchor.gif</DisplayName>
      <WebResourceType>7</WebResourceType>
      <IntroducedVersion>1.0.00</IntroducedVersion>
      <IsEnabledForMobileClient>0</IsEnabledForMobileClient>
      <IsCustomizable>1</IsCustomizable>
      <CanBeDeleted>1</CanBeDeleted>
      <IsHidden>0</IsHidden>
      <FileName>/WebResources/iq_iqhtmleditorskinslightgrayimganchorgif923DD881-EBCB-E511-80D6-005056AAFF4F</FileName>
    </WebResource>
    <WebResource>
      <WebResourceId>{73076a8f-ebcb-e511-80d6-005056aaff4f}</WebResourceId>
      <Name>iq_/iqhtmleditor/skins/lightgray/img/loader.gif</Name>
      <DisplayName>/iqhtmleditor/skins/lightgray/img/loader.gif</DisplayName>
      <WebResourceType>7</WebResourceType>
      <IntroducedVersion>1.0.00</IntroducedVersion>
      <IsEnabledForMobileClient>0</IsEnabledForMobileClient>
      <IsCustomizable>1</IsCustomizable>
      <CanBeDeleted>1</CanBeDeleted>
      <IsHidden>0</IsHidden>
      <FileName>/WebResources/iq_iqhtmleditorskinslightgrayimgloadergif73076A8F-EBCB-E511-80D6-005056AAFF4F</FileName>
    </WebResource>
    <WebResource>
      <WebResourceId>{e51dee9e-ebcb-e511-80d6-005056aaff4f}</WebResourceId>
      <Name>iq_/iqhtmleditor/skins/lightgray/img/object.gif</Name>
      <DisplayName>/iqhtmleditor/skins/lightgray/img/object.gif</DisplayName>
      <WebResourceType>7</WebResourceType>
      <IntroducedVersion>1.0.00</IntroducedVersion>
      <IsEnabledForMobileClient>0</IsEnabledForMobileClient>
      <IsCustomizable>1</IsCustomizable>
      <CanBeDeleted>1</CanBeDeleted>
      <IsHidden>0</IsHidden>
      <FileName>/WebResources/iq_iqhtmleditorskinslightgrayimgobjectgifE51DEE9E-EBCB-E511-80D6-005056AAFF4F</FileName>
    </WebResource>
    <WebResource>
      <WebResourceId>{4e9593ae-ebcb-e511-80d6-005056aaff4f}</WebResourceId>
      <Name>iq_/iqhtmleditor/skins/lightgray/img/trans.gif</Name>
      <DisplayName>/iqhtmleditor/skins/lightgray/img/trans.gif</DisplayName>
      <WebResourceType>7</WebResourceType>
      <IntroducedVersion>1.0.00</IntroducedVersion>
      <IsEnabledForMobileClient>0</IsEnabledForMobileClient>
      <IsCustomizable>1</IsCustomizable>
      <CanBeDeleted>1</CanBeDeleted>
      <IsHidden>0</IsHidden>
      <FileName>/WebResources/iq_iqhtmleditorskinslightgrayimgtransgif4E9593AE-EBCB-E511-80D6-005056AAFF4F</FileName>
    </WebResource>
  </WebResources>
  <Languages>
    <Language>1033</Language>
  </Languages>
</ImportExportXml>