<ImportExportXml version="7.0.0000.3543" SolutionPackageVersion="7.0" languagecode="1033" generatedBy="OnPremise" xmlns:xsi="http://www.w3.org/2001/XMLSchema-instance">
  <SolutionManifest>
    <UniqueName>xrmtinymce</UniqueName>
    <LocalizedNames>
      <LocalizedName description="xrmtinymce" languagecode="1033" />
    </LocalizedNames>
    <Descriptions>
      <Description description="Adapt TinyMCE for a Rich Text Editor" languagecode="1033" />
    </Descriptions>
    <Version>1.0.0</Version>
    <Managed>1</Managed>
    <Publisher>
      <UniqueName>iq</UniqueName>
      <LocalizedNames>
        <LocalizedName description="IQ" languagecode="1033" />
      </LocalizedNames>
      <Descriptions />
      <EMailAddress xsi:nil="true"></EMailAddress>
      <SupportingWebsiteUrl xsi:nil="true"></SupportingWebsiteUrl>
      <CustomizationPrefix>iq</CustomizationPrefix>
      <CustomizationOptionValuePrefix>26112</CustomizationOptionValuePrefix>
      <Addresses>
        <Address>
          <AddressNumber>1</AddressNumber>
          <AddressTypeCode>1</AddressTypeCode>
          <City xsi:nil="true"></City>
          <County xsi:nil="true"></County>
          <Country xsi:nil="true"></Country>
          <Fax xsi:nil="true"></Fax>
          <FreightTermsCode xsi:nil="true"></FreightTermsCode>
          <ImportSequenceNumber xsi:nil="true"></ImportSequenceNumber>
          <Latitude xsi:nil="true"></Latitude>
          <Line1 xsi:nil="true"></Line1>
          <Line2 xsi:nil="true"></Line2>
          <Line3 xsi:nil="true"></Line3>
          <Longitude xsi:nil="true"></Longitude>
          <Name xsi:nil="true"></Name>
          <PostalCode xsi:nil="true"></PostalCode>
          <PostOfficeBox xsi:nil="true"></PostOfficeBox>
          <PrimaryContactName xsi:nil="true"></PrimaryContactName>
          <ShippingMethodCode>1</ShippingMethodCode>
          <StateOrProvince xsi:nil="true"></StateOrProvince>
          <Telephone1 xsi:nil="true"></Telephone1>
          <Telephone2 xsi:nil="true"></Telephone2>
          <Telephone3 xsi:nil="true"></Telephone3>
          <TimeZoneRuleVersionNumber xsi:nil="true"></TimeZoneRuleVersionNumber>
          <UPSZone xsi:nil="true"></UPSZone>
          <UTCOffset xsi:nil="true"></UTCOffset>
          <UTCConversionTimeZoneCode xsi:nil="true"></UTCConversionTimeZoneCode>
        </Address>
        <Address>
          <AddressNumber>2</AddressNumber>
          <AddressTypeCode>1</AddressTypeCode>
          <City xsi:nil="true"></City>
          <County xsi:nil="true"></County>
          <Country xsi:nil="true"></Country>
          <Fax xsi:nil="true"></Fax>
          <FreightTermsCode xsi:nil="true"></FreightTermsCode>
          <ImportSequenceNumber xsi:nil="true"></ImportSequenceNumber>
          <Latitude xsi:nil="true"></Latitude>
          <Line1 xsi:nil="true"></Line1>
          <Line2 xsi:nil="true"></Line2>
          <Line3 xsi:nil="true"></Line3>
          <Longitude xsi:nil="true"></Longitude>
          <Name xsi:nil="true"></Name>
          <PostalCode xsi:nil="true"></PostalCode>
          <PostOfficeBox xsi:nil="true"></PostOfficeBox>
          <PrimaryContactName xsi:nil="true"></PrimaryContactName>
          <ShippingMethodCode>1</ShippingMethodCode>
          <StateOrProvince xsi:nil="true"></StateOrProvince>
          <Telephone1 xsi:nil="true"></Telephone1>
          <Telephone2 xsi:nil="true"></Telephone2>
          <Telephone3 xsi:nil="true"></Telephone3>
          <TimeZoneRuleVersionNumber xsi:nil="true"></TimeZoneRuleVersionNumber>
          <UPSZone xsi:nil="true"></UPSZone>
          <UTCOffset xsi:nil="true"></UTCOffset>
          <UTCConversionTimeZoneCode xsi:nil="true"></UTCConversionTimeZoneCode>
        </Address>
      </Addresses>
    </Publisher>
    <RootComponents>
      <RootComponent type="61" schemaName="iq_/iqhtmleditor/app.js" />
      <RootComponent type="61" schemaName="iq_/iqhtmleditor/index.html" />
      <RootComponent type="61" schemaName="iq_/iqhtmleditor/jquery.min.js" />
      <RootComponent type="61" schemaName="iq_/iqhtmleditor/plugins/visualblocks/css/visualblocks.css" />
      <RootComponent type="61" schemaName="iq_/iqhtmleditor/skins/lightgray/content.min.css" />
      <RootComponent type="61" schemaName="iq_/iqhtmleditor/skins/lightgray/fonts/tinymce.eot" />
      <RootComponent type="61" schemaName="iq_/iqhtmleditor/skins/lightgray/fonts/tinymce.woff" />
      <RootComponent type="61" schemaName="iq_/iqhtmleditor/skins/lightgray/img/anchor.gif" />
      <RootComponent type="61" schemaName="iq_/iqhtmleditor/skins/lightgray/img/loader.gif" />
      <RootComponent type="61" schemaName="iq_/iqhtmleditor/skins/lightgray/img/object.gif" />
      <RootComponent type="61" schemaName="iq_/iqhtmleditor/skins/lightgray/img/trans.gif" />
      <RootComponent type="61" schemaName="iq_/iqhtmleditor/skins/lightgray/skin.min.css" />
      <RootComponent type="61" schemaName="iq_/iqhtmleditor/tinymce.min.js" />
    </RootComponents>
    <MissingDependencies />
  </SolutionManifest>
</ImportExportXml>