[
  {
    "Id": "1488691",
    "ThreadId": "659665",
    "Html": "We need to put multiple editors on one form. It works fine in Chrome but save event doesn't fire in Firefox.\r<br />\n<br />\nI see people report an issue about it, can anyone confirm if it works fine in Firefox?<br />\n",
    "PostedDate": "2016-11-23T15:12:07.45-08:00",
    "UserRole": null,
    "MarkedAsAnswerDate": null
  },
  {
    "Id": "1494765",
    "ThreadId": "659665",
    "Html": "Anyone please confirm if this tool is supported for Firefox?\r<br />\nSave event doesn't fire in Firefox. <br />\n",
    "PostedDate": "2017-03-28T03:41:47.573-07:00",
    "UserRole": null,
    "MarkedAsAnswerDate": null
  },
  {
    "Id": "1495069",
    "ThreadId": "659665",
    "Html": "I have the same issue in Firefox, can't get the save event to trigger<br />\n",
    "PostedDate": "2017-04-03T05:08:07.993-07:00",
    "UserRole": null,
    "MarkedAsAnswerDate": null
  }
]