[
  {
    "Id": "1462437",
    "ThreadId": "651050",
    "Html": "This works great!  However, I felt having the &quot;File&quot; menu in the menu bar was confusing in this context, especially with &quot;New Document&quot; as an option.  I poked in the TinyMCE docs (<a href=\"https://www.tinymce.com/docs/configure/editor-appearance/#menubar\" rel=\"nofollow\">TEXT</a>), and found that if I modified the web resource /iqhtmleditor/app.js a touch I could remove that menu item.  To do this, I added the &quot;menubar&quot; line just after the selector line, like this:<br />\n<pre><code>    selector: '#xrmtinymce',\n    menubar: 'edit insert view format table tools', \n    height: 200,</code></pre>\n\nAnd told it which menubar items I wanted (in this example, all the defaults except menu).  Seems to work just fine!<br />\n",
    "PostedDate": "2016-02-08T10:32:44.183-08:00",
    "UserRole": null,
    "MarkedAsAnswerDate": null
  },
  {
    "Id": "1463222",
    "ThreadId": "651050",
    "Html": "Thanks for this. Makes sense. <br />\n",
    "PostedDate": "2016-02-15T02:14:21.47-08:00",
    "UserRole": null,
    "MarkedAsAnswerDate": null
  }
]