[
  {
    "Id": "651050",
    "Title": "Removing the \"file\" menu",
    "LatestDate": "2016-02-15T02:14:21.47-08:00"
  },
  {
    "Id": "654344",
    "Title": "Emails with embedded images",
    "LatestDate": "2016-06-23T01:33:33.337-07:00"
  },
  {
    "Id": "659665",
    "Title": "Does this work in Firefox ?",
    "LatestDate": "2017-04-03T05:08:07.993-07:00"
  },
  {
    "Id": "662614",
    "Title": "Deploying xrmtinymce1_0_0_managed throwing error ",
    "LatestDate": "2017-04-19T15:47:39.413-07:00"
  },
  {
    "Id": "662819",
    "Title": "Read Only mode",
    "LatestDate": "2017-05-04T09:17:59.847-07:00"
  },
  {
    "Id": "663236",
    "Title": "localization in TinyMCE",
    "LatestDate": "2017-06-13T09:33:39.397-07:00"
  },
  {
    "Id": "663451",
    "Title": "CRM 2016 Compatibility",
    "LatestDate": "2017-07-20T10:57:26.503-07:00"
  },
  {
    "Id": "663695",
    "Title": "Turn off automatic image upload",
    "LatestDate": "2017-09-01T11:06:46.813-07:00"
  },
  {
    "Id": "663697",
    "Title": "noneditable plugin",
    "LatestDate": "2017-09-01T12:45:20.023-07:00"
  }
]