[
  {
    "Id": "1472529",
    "ThreadId": "654344",
    "Html": "Could this be used to send emails with images / screenshots embedded? \r<br />\n<br />\nInstead of as file attachments... which involves taking the screenshot, saving it locally, then uploading to CRM a file attachment<br />\n",
    "PostedDate": "2016-05-05T03:42:42.45-07:00",
    "UserRole": null,
    "MarkedAsAnswerDate": null
  },
  {
    "Id": "1477062",
    "ThreadId": "654344",
    "Html": "Hi, Sorry for late reply. Did you try it out?<br />\n",
    "PostedDate": "2016-06-23T01:33:33.337-07:00",
    "UserRole": null,
    "MarkedAsAnswerDate": null
  }
]