[
  {
    "Id": "1497902",
    "ThreadId": "663695",
    "Html": "Hi all,<br />\n<br />\nI have the editor embedded in a Dynamics form. I go to Tools --&gt; Source Code and I paste the following:<br />\n&lt;img src=&quot;data:image/jpeg;base64,/9j/4AAQSkZJRgABA ... [a lot of Base64encoded bytes] ... AFFFFAH//Z&quot; alt=&quot;Logo&quot; width=&quot;216&quot; height=&quot;113&quot; /&gt;\nClick OK<br />\n<br />\nGo back to Tools --&gt; Source Code and my image is uploaded ant the tag is now:<br />\n&lt;img src=&quot;blob:C115BB4A-0223-4EA0-A27B-FD61C87B404D&quot; alt=&quot;Logo&quot; width=&quot;216&quot; height=&quot;113&quot; /&gt; \nI tried adding <br />\nautomatic_uploads: false<br />\nin app.js, but it does nothing<br />\n<br />\n<br />\nHow do I turn this off? <br />\n<br />\nThanks<br />\n",
    "PostedDate": "2017-09-01T11:06:46.813-07:00",
    "UserRole": null,
    "MarkedAsAnswerDate": null
  }
]