[
  {
    "Id": "1496101",
    "ThreadId": "662819",
    "Html": "Hi there:\r<br />\n<br />\nIs there any way of making the control read only based on field value?\r<br />\n<br />\nFor example when the CRM record is active I need the control working normal.\r<br />\n<br />\nWhen the CRM record is inactive I need the control to be read only.\r<br />\n<br />\nThanks in advance for your help,<br />\n",
    "PostedDate": "2017-05-04T09:17:59.847-07:00",
    "UserRole": null,
    "MarkedAsAnswerDate": null
  }
]