{
  "WorkItem": {
    "AffectedComponent": {
      "Name": "",
      "DisplayName": ""
    },
    "ClosedComment": "",
    "ClosedDate": null,
    "CommentCount": 1,
    "Custom": null,
    "Description": "Hello,\r\n\r\nThis solution is very helpful. I really appreciate the work. However, the editor doesn't fire the events in Firefox. It works fine in IE and in Chrome, but in Firefox you pretty much can't make any changes or save anything because it doesn't notice that you've made changes, so it doesn't copy the text to the related field.\r\n\r\nThank you.",
    "LastUpdatedDate": "2016-11-23T15:07:23.257-08:00",
    "PlannedForRelease": "",
    "ReleaseVisibleToPublic": false,
    "Priority": {
      "Name": "Unassigned",
      "Severity": 0,
      "Id": 0
    },
    "ProjectName": "xrmtinymce",
    "ReportedDate": "2016-08-26T13:09:19.483-07:00",
    "Status": {
      "Name": "Proposed",
      "Id": 1
    },
    "ReasonClosed": {
      "Name": "Unassigned"
    },
    "Summary": "Change event does not fire in Firefox.",
    "Type": {
      "Name": "Unassigned",
      "Id": 5
    },
    "VoteCount": 2,
    "Id": 1
  },
  "FileAttachments": [],
  "Comments": [
    {
      "Message": "I got the same issue only on Firefox even the latest version(50.0). I put multiple editors on 1 form and set different fields for saving html code in behind. However they don't fire the event to save changes. Same form works fine on Chrome and IE. \n\nIt seems Firefox loads \"tinymce.min.js\" file only once in Firefox but it loads multiple times in Chrome, and Chrome can manage fire events in separate js file whereas Firefox fires only in one js fire, which maybe somehow causes the issue",
      "PostedDate": "2016-11-23T15:07:14.613-08:00",
      "Id": 205270
    }
  ]
}