[
  {
    "Id": "0",
    "Name": "Umanaged",
    "DevelopmentStatus": "Stable",
    "Description": "Unmanaged CRM Solution",
    "ReleasedDatge": "0001-01-01T00:00:00",
    "ModifiedDate": "2016-02-08T01:59:46.753-08:00",
    "Files": [
      {
        "Id": "8211520c-1cca-4b99-a05d-65b695bb7663",
        "FileName": "xrmtinymce_1_0_0_unmanaged.zip",
        "Url": "./0/8211520c-1cca-4b99-a05d-65b695bb7663",
        "Type": "Application",
        "UploadDate": "2016-02-08T01:59:46.72-08:00"
      }
    ]
  },
  {
    "Id": "1",
    "Name": "Managed",
    "DevelopmentStatus": "Stable",
    "Description": "Managed CRM solution",
    "ReleasedDatge": "0001-01-01T00:00:00",
    "ModifiedDate": "2016-02-08T02:00:52.52-08:00",
    "Files": [
      {
        "Id": "df54a9f9-3c0c-4a51-bf44-2955c915e367",
        "FileName": "xrmtinymce_1_0_0_managed.zip",
        "Url": "./1/df54a9f9-3c0c-4a51-bf44-2955c915e367",
        "Type": "Application",
        "UploadDate": "2016-02-08T01:59:06.537-08:00"
      }
    ]
  }
]