[
  {
    "Title": "Home",
    "Id": "1874514",
    "ParentWikiTitle": "Home",
    "FileExtension": "codeplexwiki",
    "UpdatedDate": "2016-06-23T01:49:58.543-07:00",
    "FileAttachments": [
      {
        "Id": "550172db-f14f-4b5a-8570-067f37f479e8",
        "FileName": "PrtScr capture_2.png",
        "DownloadUri": "./1874514/550172db-f14f-4b5a-8570-067f37f479e8"
      },
      {
        "Id": "fabb183f-b6ac-483d-884f-8fa00c7b545c",
        "FileName": "welcomescreedn.png",
        "DownloadUri": "./1874514/fabb183f-b6ac-483d-884f-8fa00c7b545c"
      },
      {
        "Id": "4dd60002-e6ba-42ca-bf3a-e895d1c6597e",
        "FileName": "backingfield.jpg",
        "DownloadUri": "./1874514/4dd60002-e6ba-42ca-bf3a-e895d1c6597e"
      },
      {
        "Id": "eb9c395d-968e-4fa4-baec-8518d30f03cb",
        "FileName": "ribbon.png",
        "DownloadUri": "./1874514/eb9c395d-968e-4fa4-baec-8518d30f03cb"
      },
      {
        "Id": "e8b09bf9-f325-4baa-a21a-184ff6d7da5d",
        "FileName": "webresource.jpg",
        "DownloadUri": "./1874514/e8b09bf9-f325-4baa-a21a-184ff6d7da5d"
      },
      {
        "Id": "c4111301-8ad5-4d32-bada-f3d2286f8e6a",
        "FileName": "settings.jpg",
        "DownloadUri": "./1874514/c4111301-8ad5-4d32-bada-f3d2286f8e6a"
      },
      {
        "Id": "64d58ca2-d506-4046-82cb-c5e522acccd0",
        "FileName": "settings.jpg",
        "DownloadUri": "./1874514/64d58ca2-d506-4046-82cb-c5e522acccd0"
      }
    ]
  }
]
