<ImportExportXml version="8.2.0001.0176" SolutionPackageVersion="8.2" languagecode="1033" generatedBy="OnPremise" xmlns:xsi="http://www.w3.org/2001/XMLSchema-instance">
  <SolutionManifest>
    <UniqueName>Agency</UniqueName>
    <LocalizedNames>
      <LocalizedName description="Agency Customizations" languagecode="1033" />
    </LocalizedNames>
    <Descriptions />
    <Version>1.3.0.2</Version>
    <Managed>1</Managed>
    <Publisher>
      <UniqueName>DefaultPublishertheagencysdbx</UniqueName>
      <LocalizedNames>
        <LocalizedName description="Default Publisher for theagency-sdbx" languagecode="1033" />
      </LocalizedNames>
      <Descriptions>
        <Description description="Default publisher for this organization" languagecode="1033" />
      </Descriptions>
      <EMailAddress xsi:nil="true"></EMailAddress>
      <SupportingWebsiteUrl xsi:nil="true"></SupportingWebsiteUrl>
      <CustomizationPrefix>sabre</CustomizationPrefix>
      <CustomizationOptionValuePrefix>83777</CustomizationOptionValuePrefix>
      <Addresses>
        <Address>
          <AddressNumber>1</AddressNumber>
          <AddressTypeCode xsi:nil="true"></AddressTypeCode>
          <City xsi:nil="true"></City>
          <County xsi:nil="true"></County>
          <Country xsi:nil="true"></Country>
          <Fax xsi:nil="true"></Fax>
          <FreightTermsCode xsi:nil="true"></FreightTermsCode>
          <ImportSequenceNumber xsi:nil="true"></ImportSequenceNumber>
          <Latitude xsi:nil="true"></Latitude>
          <Line1 xsi:nil="true"></Line1>
          <Line2 xsi:nil="true"></Line2>
          <Line3 xsi:nil="true"></Line3>
          <Longitude xsi:nil="true"></Longitude>
          <Name xsi:nil="true"></Name>
          <PostalCode xsi:nil="true"></PostalCode>
          <PostOfficeBox xsi:nil="true"></PostOfficeBox>
          <PrimaryContactName xsi:nil="true"></PrimaryContactName>
          <ShippingMethodCode xsi:nil="true"></ShippingMethodCode>
          <StateOrProvince xsi:nil="true"></StateOrProvince>
          <Telephone1 xsi:nil="true"></Telephone1>
          <Telephone2 xsi:nil="true"></Telephone2>
          <Telephone3 xsi:nil="true"></Telephone3>
          <TimeZoneRuleVersionNumber xsi:nil="true"></TimeZoneRuleVersionNumber>
          <UPSZone xsi:nil="true"></UPSZone>
          <UTCOffset xsi:nil="true"></UTCOffset>
          <UTCConversionTimeZoneCode xsi:nil="true"></UTCConversionTimeZoneCode>
        </Address>
        <Address>
          <AddressNumber>2</AddressNumber>
          <AddressTypeCode xsi:nil="true"></AddressTypeCode>
          <City xsi:nil="true"></City>
          <County xsi:nil="true"></County>
          <Country xsi:nil="true"></Country>
          <Fax xsi:nil="true"></Fax>
          <FreightTermsCode xsi:nil="true"></FreightTermsCode>
          <ImportSequenceNumber xsi:nil="true"></ImportSequenceNumber>
          <Latitude xsi:nil="true"></Latitude>
          <Line1 xsi:nil="true"></Line1>
          <Line2 xsi:nil="true"></Line2>
          <Line3 xsi:nil="true"></Line3>
          <Longitude xsi:nil="true"></Longitude>
          <Name xsi:nil="true"></Name>
          <PostalCode xsi:nil="true"></PostalCode>
          <PostOfficeBox xsi:nil="true"></PostOfficeBox>
          <PrimaryContactName xsi:nil="true"></PrimaryContactName>
          <ShippingMethodCode xsi:nil="true"></ShippingMethodCode>
          <StateOrProvince xsi:nil="true"></StateOrProvince>
          <Telephone1 xsi:nil="true"></Telephone1>
          <Telephone2 xsi:nil="true"></Telephone2>
          <Telephone3 xsi:nil="true"></Telephone3>
          <TimeZoneRuleVersionNumber xsi:nil="true"></TimeZoneRuleVersionNumber>
          <UPSZone xsi:nil="true"></UPSZone>
          <UTCOffset xsi:nil="true"></UTCOffset>
          <UTCConversionTimeZoneCode xsi:nil="true"></UTCConversionTimeZoneCode>
        </Address>
      </Addresses>
    </Publisher>
    <RootComponents>
      <RootComponent type="1" schemaName="account" behavior="0" />
      <RootComponent type="1" schemaName="activitypointer" behavior="0" />
      <RootComponent type="1" schemaName="appointment" behavior="0" />
      <RootComponent type="1" schemaName="connection" behavior="0" />
      <RootComponent type="1" schemaName="contact" behavior="0" />
      <RootComponent type="1" schemaName="email" behavior="0" />
      <RootComponent type="1" schemaName="mbs_pluginprofile" behavior="2" />
      <RootComponent type="1" schemaName="msdyn_wallsavedqueryusersettings" behavior="2" />
      <RootComponent type="1" schemaName="phonecall" behavior="1" />
      <RootComponent type="1" schemaName="sabre_bpf_14c6c6c85bd643fa8dda84d0e3e405f9" behavior="0" />
      <RootComponent type="1" schemaName="sabre_bpf_40a4fe7663704d8da4f2e9873fc71b7f" behavior="0" />
      <RootComponent type="1" schemaName="sabre_bpf_6e8e62efe81e474195dd334c23d7f89b" behavior="0" />
      <RootComponent type="1" schemaName="sabre_bpf_80c07e9b4aa34462827a37f8c8ebb17a" behavior="0" />
      <RootComponent type="1" schemaName="sabre_bpf_b4ed4082f5464bef85b7ab5adf10b825" behavior="0" />
      <RootComponent type="1" schemaName="sabre_bpf_ba8cb62f96a44e4c8924f73b19be64f1" behavior="0" />
      <RootComponent type="1" schemaName="sabre_candidate" behavior="0" />
      <RootComponent type="1" schemaName="sabre_certificate" behavior="0" />
      <RootComponent type="1" schemaName="sabre_dummy" behavior="0" />
      <RootComponent type="1" schemaName="sabre_nonagencyplacement" behavior="0" />
      <RootComponent type="1" schemaName="sabre_opening" behavior="0" />
      <RootComponent type="1" schemaName="sabre_overtimepolicy" behavior="0" />
      <RootComponent type="1" schemaName="sabre_placement" behavior="0" />
      <RootComponent type="1" schemaName="sabre_position" behavior="0" />
      <RootComponent type="1" schemaName="sabre_sharedposition" behavior="0" />
      <RootComponent type="1" schemaName="sabre_skills" behavior="0" />
      <RootComponent type="1" schemaName="sabre_submission" behavior="0" />
      <RootComponent type="1" schemaName="systemuser" behavior="0" />
      <RootComponent type="1" schemaName="task" behavior="0" />
      <RootComponent type="1" schemaName="team" behavior="0" />
      <RootComponent type="9" schemaName="sabre_activitytype" behavior="0" />
      <RootComponent type="9" schemaName="sabre_atsappointmenttype" behavior="0" />
      <RootComponent type="9" schemaName="sabre_candidateprocessstage" behavior="0" />
      <RootComponent type="9" schemaName="sabre_candidatetype" behavior="0" />
      <RootComponent type="9" schemaName="sabre_clientstatus" behavior="0" />
      <RootComponent type="9" schemaName="sabre_contactstatus" behavior="0" />
      <RootComponent type="9" schemaName="sabre_countryselection" behavior="0" />
      <RootComponent type="9" schemaName="sabre_employeetypestyle" behavior="0" />
      <RootComponent type="9" schemaName="sabre_feetypeperret" behavior="0" />
      <RootComponent type="9" schemaName="sabre_placementprocessstage" behavior="0" />
      <RootComponent type="9" schemaName="sabre_preferredcommunicationmethod" behavior="0" />
      <RootComponent type="9" schemaName="sabre_province" behavior="0" />
      <RootComponent type="9" schemaName="sabre_state" behavior="0" />
      <RootComponent type="9" schemaName="sabre_submissionstage" behavior="0" />
      <RootComponent type="9" schemaName="sabre_taskactivity" behavior="0" />
      <RootComponent type="9" schemaName="sabre_temperature" behavior="0" />
      <RootComponent type="9" schemaName="sabre_transportationoptions" behavior="0" />
      <RootComponent type="9" schemaName="sabre_typeofposition" behavior="0" />
      <RootComponent type="9" schemaName="sabre_wagetype" behavior="0" />
      <RootComponent type="9" schemaName="sabre_workmanscompcodes" behavior="0" />
      <RootComponent type="20" id="{06d45d2c-4b27-e611-80cf-000d3a013699}" behavior="0" />
      <RootComponent type="20" id="{1961de36-5e65-e611-80d1-000d3a013699}" behavior="0" />
      <RootComponent type="20" id="{1aa84597-4f32-e611-80cf-000d3a013699}" behavior="0" />
      <RootComponent type="20" id="{44057968-f61d-e611-80cf-000d3a013699}" behavior="0" />
      <RootComponent type="20" id="{4f542c91-7d39-e611-80cf-000d3a013699}" behavior="0" />
      <RootComponent type="20" id="{8104b41d-e058-e611-80d0-000d3a013699}" behavior="0" />
      <RootComponent type="20" id="{aaa0ec30-5cbd-e611-80d2-000d3a013699}" behavior="0" />
      <RootComponent type="20" id="{dc51b20a-cead-e611-80d2-000d3a013699}" behavior="0" />
      <RootComponent type="20" id="{f6de3d69-68ab-e611-80d2-000d3a013699}" behavior="0" />
      <RootComponent type="29" id="{0da4a4a0-87fb-4fe5-8628-fa14442f2c58}" behavior="0" />
      <RootComponent type="29" id="{138650b2-f90f-4f38-8e69-341e9d6ed4bd}" behavior="0" />
      <RootComponent type="29" id="{14c6c6c8-5bd6-43fa-8dda-84d0e3e405f9}" behavior="0" />
      <RootComponent type="29" id="{1d01b8c7-076b-4e81-82f1-e7ef098749b3}" behavior="0" />
      <RootComponent type="29" id="{2c478ad6-f301-433b-af76-04b09f36364f}" behavior="0" />
      <RootComponent type="29" id="{394a33c6-6485-46ba-b79a-b264735b3042}" behavior="0" />
      <RootComponent type="29" id="{40a4fe76-6370-4d8d-a4f2-e9873fc71b7f}" behavior="0" />
      <RootComponent type="29" id="{444ed825-a475-453d-b0e1-74e03000a0f2}" behavior="0" />
      <RootComponent type="29" id="{456cf1b1-5e56-4a3f-897a-c836acd8db27}" behavior="0" />
      <RootComponent type="29" id="{50fae056-1d36-4783-b286-f9bfb5340098}" behavior="0" />
      <RootComponent type="29" id="{59a7515c-99bb-48be-8421-920233887473}" behavior="0" />
      <RootComponent type="29" id="{5b3179e6-555d-491c-95c1-5922b810f073}" behavior="0" />
      <RootComponent type="29" id="{6e8e62ef-e81e-4741-95dd-334c23d7f89b}" behavior="0" />
      <RootComponent type="29" id="{6eba2fdd-7f6a-4baf-8204-ea5d9308d673}" behavior="0" />
      <RootComponent type="29" id="{71a32208-9c79-4a19-8a4a-6324fa7b5d9b}" behavior="0" />
      <RootComponent type="29" id="{779c6815-2ba0-4971-9e5a-9092cd92ac51}" behavior="0" />
      <RootComponent type="29" id="{799f8d39-11a2-48aa-9112-0c7eed70cfd4}" behavior="0" />
      <RootComponent type="29" id="{80c07e9b-4aa3-4462-827a-37f8c8ebb17a}" behavior="0" />
      <RootComponent type="29" id="{9cb77c05-281a-4a09-b479-b94cbf561810}" behavior="0" />
      <RootComponent type="29" id="{ab25d557-b535-4a04-9ba6-067af740171b}" behavior="0" />
      <RootComponent type="29" id="{b4ed4082-f546-4bef-85b7-ab5adf10b825}" behavior="0" />
      <RootComponent type="29" id="{b74768cf-f4e8-4522-8b98-42353dea929e}" behavior="0" />
      <RootComponent type="29" id="{ba3f5d44-547f-42a8-b933-202f09caf1ef}" behavior="0" />
      <RootComponent type="29" id="{ba8cb62f-96a4-4e4c-8924-f73b19be64f1}" behavior="0" />
      <RootComponent type="29" id="{bcd43793-5686-4fd4-b3b4-c0c26d6f7e40}" behavior="0" />
      <RootComponent type="29" id="{bf5abfbb-7d59-471a-b6f6-157e0ff8a27c}" behavior="0" />
      <RootComponent type="29" id="{ca08cc87-b5ab-4411-a515-5935607bcab4}" behavior="0" />
      <RootComponent type="29" id="{dabcb4d8-fce9-4664-9f24-ddf224d527a0}" behavior="0" />
      <RootComponent type="29" id="{dd230dae-da17-4937-a993-5c0c4e8ed73b}" behavior="0" />
      <RootComponent type="29" id="{e56ab285-d40d-4258-aa60-dc77d597321d}" behavior="0" />
      <RootComponent type="29" id="{e590d353-5b26-412e-b56e-cb89f1e6116e}" behavior="0" />
      <RootComponent type="29" id="{f0c2583a-18e5-4f49-9c21-5f9405be8a55}" behavior="0" />
      <RootComponent type="29" id="{f3e7cf42-fb14-4371-a23a-c10881f3869d}" behavior="0" />
      <RootComponent type="29" id="{faca02b2-8d8e-4e64-8c7a-570976aad632}" behavior="0" />
      <RootComponent type="29" id="{ff4f56c5-fc35-4eec-8523-645759c6ca8d}" behavior="0" />
      <RootComponent type="60" id="{13f72077-2ef0-4363-ada0-82f9bb9bcee9}" />
      <RootComponent type="60" id="{15915835-b87c-49ec-9ffc-bfac3ac44ef1}" behavior="0" />
      <RootComponent type="60" id="{1fed44d1-ae68-4a41-bd2b-f13acac4acfa}" behavior="0" />
      <RootComponent type="60" id="{4cb680aa-180b-4300-b6cf-0ebb33d86bc2}" behavior="0" />
      <RootComponent type="60" id="{5760a1ab-323e-4ba6-bb2e-e56bc84173a3}" behavior="0" />
      <RootComponent type="60" id="{594381d8-119d-4d3d-8d82-dcb58e3015bf}" behavior="0" />
      <RootComponent type="60" id="{6b1cc83e-68d5-4c4a-a3ae-57c3c29280ab}" />
      <RootComponent type="60" id="{70ad8b15-e3f3-4d7d-9e4b-16cb4e51b484}" behavior="0" />
      <RootComponent type="60" id="{8448b78f-8f42-454e-8e2a-f8196b0419af}" behavior="0" />
      <RootComponent type="60" id="{8e0b7c1e-f5a0-4e7d-b04d-4ca8d5c5ca80}" />
      <RootComponent type="60" id="{983dc188-2a05-4cfe-b907-4fbfae8c21f7}" />
      <RootComponent type="60" id="{a23e5f6b-1c13-40cb-bee6-5a37acedab04}" behavior="0" />
      <RootComponent type="60" id="{a4640db1-4962-4e79-92c6-690e627924d7}" behavior="0" />
      <RootComponent type="60" id="{a91390a5-99bb-4d10-9eee-3a5c87f841f1}" />
      <RootComponent type="60" id="{c466c56a-ab9d-41a3-ac68-008a60bfe67e}" />
      <RootComponent type="60" id="{cdc622ea-2a17-4cc3-9605-44564d56cea7}" />
      <RootComponent type="60" id="{f961a579-6e46-4f5e-8b26-064ca09bff03}" behavior="0" />
      <RootComponent type="61" schemaName="sabre_activityTriggers" behavior="0" />
      <RootComponent type="61" schemaName="sabre_addConnectionButton" behavior="0" />
      <RootComponent type="61" schemaName="sabre_adminActions" behavior="0" />
      <RootComponent type="61" schemaName="sabre_AnnotationControl" behavior="0" />
      <RootComponent type="61" schemaName="sabre_archiverecords" behavior="0" />
      <RootComponent type="61" schemaName="sabre_autofill" behavior="0" />
      <RootComponent type="61" schemaName="sabre_bluePlus" behavior="0" />
      <RootComponent type="61" schemaName="sabre_candidate16x16" behavior="0" />
      <RootComponent type="61" schemaName="sabre_candidate32x32" behavior="0" />
      <RootComponent type="61" schemaName="sabre_candidateControl" behavior="0" />
      <RootComponent type="61" schemaName="sabre_CandidateDialog" behavior="0" />
      <RootComponent type="61" schemaName="sabre_CandidatesImageDashboard" behavior="0" />
      <RootComponent type="61" schemaName="sabre_CompaniesDashboardImage" behavior="0" />
      <RootComponent type="61" schemaName="sabre_companyControl" behavior="0" />
      <RootComponent type="61" schemaName="sabre_ContactsImageDashboard" behavior="0" />
      <RootComponent type="61" schemaName="sabre_ContactTriggers" behavior="0" />
      <RootComponent type="61" schemaName="sabre_copyPosition" behavior="0" />
      <RootComponent type="61" schemaName="sabre_copyPositionJS" behavior="0" />
      <RootComponent type="61" schemaName="sabre_createSharedPosition" behavior="0" />
      <RootComponent type="61" schemaName="sabre_custom" behavior="0" />
      <RootComponent type="61" schemaName="sabre_DashboardCandidateButton" behavior="0" />
      <RootComponent type="61" schemaName="sabre_DashboardCompanyButton" behavior="0" />
      <RootComponent type="61" schemaName="sabre_DashboardContactButton" behavior="0" />
      <RootComponent type="61" schemaName="sabre_DashboardJobOrderButton" behavior="0" />
      <RootComponent type="61" schemaName="sabre_DashboardPipelinesButton" behavior="0" />
      <RootComponent type="61" schemaName="sabre_DashboardPlacementButton" behavior="0" />
      <RootComponent type="61" schemaName="sabre_DashboardSharedJobOrderButton" behavior="0" />
      <RootComponent type="61" schemaName="sabre_DonaldsonJamesLogo" behavior="0" />
      <RootComponent type="61" schemaName="sabre_dragAndDrop" behavior="0" />
      <RootComponent type="61" schemaName="sabre_emailTemplating" behavior="0" />
      <RootComponent type="61" schemaName="sabre_fieldVisibilityControl" behavior="0" />
      <RootComponent type="61" schemaName="sabre_forceSave" behavior="0" />
      <RootComponent type="61" schemaName="sabre_gmapsContact" behavior="0" />
      <RootComponent type="61" schemaName="sabre_greyPlus" behavior="0" />
      <RootComponent type="61" schemaName="sabre_JobOrdersImageDashboard" behavior="0" />
      <RootComponent type="61" schemaName="sabre_JobOrdersSelectionDialog.html" behavior="0" />
      <RootComponent type="61" schemaName="sabre_jQuery" behavior="0" />
      <RootComponent type="61" schemaName="sabre_jquery.ui.1.11.4.css" behavior="0" />
      <RootComponent type="61" schemaName="sabre_jquery.ui.min.js" behavior="0" />
      <RootComponent type="61" schemaName="sabre_jquery3.2.1.min.js" behavior="0" />
      <RootComponent type="61" schemaName="sabre_json2" behavior="0" />
      <RootComponent type="61" schemaName="sabre_mimeDict" behavior="0" />
      <RootComponent type="61" schemaName="sabre_openingScripts" behavior="0" />
      <RootComponent type="61" schemaName="sabre_OvertimePolicy16x16" behavior="0" />
      <RootComponent type="61" schemaName="sabre_OvertimePolicy32x32" behavior="0" />
      <RootComponent type="61" schemaName="sabre_placement16x16" behavior="0" />
      <RootComponent type="61" schemaName="sabre_placement32x32" behavior="0" />
      <RootComponent type="61" schemaName="sabre_placementControl" behavior="0" />
      <RootComponent type="61" schemaName="sabre_PlacementImageDashboard" behavior="0" />
      <RootComponent type="61" schemaName="sabre_placementOnLoad" behavior="0" />
      <RootComponent type="61" schemaName="sabre_placementPriceCalc" behavior="0" />
      <RootComponent type="61" schemaName="sabre_positionControl" behavior="0" />
      <RootComponent type="61" schemaName="sabre_preFilterLookup" behavior="0" />
      <RootComponent type="61" schemaName="sabre_purpleIcon" behavior="0" />
      <RootComponent type="61" schemaName="sabre_quickCreateFormChanges" behavior="0" />
      <RootComponent type="61" schemaName="sabre_roleChecks" behavior="0" />
      <RootComponent type="61" schemaName="sabre_SDKJQuery" behavior="0" />
      <RootComponent type="61" schemaName="sabre_SDKREST" behavior="0" />
      <RootComponent type="61" schemaName="sabre_sharedpos16x16" behavior="0" />
      <RootComponent type="61" schemaName="sabre_sharedpos32x32" behavior="0" />
      <RootComponent type="61" schemaName="sabre_SIN_Entry" behavior="0" />
      <RootComponent type="61" schemaName="sabre_submissionControl" behavior="0" />
      <RootComponent type="61" schemaName="sabre_suitcase16x16" behavior="0" />
      <RootComponent type="61" schemaName="sabre_suitcase32x32" behavior="0" />
      <RootComponent type="61" schemaName="sabre_testPlugin" behavior="0" />
      <RootComponent type="61" schemaName="sabre_testPreview" behavior="0" />
      <RootComponent type="61" schemaName="sabre_TopHandler" behavior="0" />
      <RootComponent type="61" schemaName="sabre_xmltojson" behavior="0" />
      <RootComponent type="63" id="{11ed094e-af59-e611-80d0-000d3a013699}" behavior="0" />
      <RootComponent type="63" id="{20872a5f-a4fc-e511-80cd-000d3a013699}" behavior="0" />
      <RootComponent type="63" id="{4243c146-a4fc-e511-80cd-000d3a013699}" behavior="0" />
      <RootComponent type="63" id="{594e0005-a6fc-e511-80cd-000d3a013699}" behavior="0" />
      <RootComponent type="70" id="{f8f72a44-5b32-e611-80cf-000d3a013699}" behavior="0" />
    </RootComponents>
    <MissingDependencies>
      <MissingDependency>
        <Required key="0" type="1" schemaName="msdyn_wallsavedqueryusersettings" displayName="Filter" solution="ActivityFeedsCore (8.2.0.0)" />
        <Dependent key="0" type="1" schemaName="msdyn_wallsavedqueryusersettings" displayName="Filter" />
      </MissingDependency>
      <MissingDependency>
        <Required key="1" type="1" schemaName="mbs_pluginprofile" displayName="Plug-in Profile" solution="PluginProfiler (2.0.0.0)" />
        <Dependent key="1" type="1" schemaName="mbs_pluginprofile" displayName="Plug-in Profile" />
      </MissingDependency>
      <MissingDependency>
        <Required key="0" type="1" schemaName="msdyn_wallsavedqueryusersettings" displayName="Filter" solution="ActivityFeedsCore (8.2.0.0)" />
        <Dependent key="2" type="2" schemaName="msdyn_useridname" parentSchemaName="msdyn_wallsavedqueryusersettings" parentDisplayName="Filter" />
      </MissingDependency>
      <MissingDependency>
        <Required key="0" type="1" schemaName="msdyn_wallsavedqueryusersettings" displayName="Filter" solution="ActivityFeedsCore (8.2.0.0)" />
        <Dependent key="3" type="2" schemaName="msdyn_useridyominame" parentSchemaName="msdyn_wallsavedqueryusersettings" parentDisplayName="Filter" />
      </MissingDependency>
      <MissingDependency>
        <Required key="1" type="1" schemaName="mbs_pluginprofile" displayName="Plug-in Profile" solution="PluginProfiler (2.0.0.0)" />
        <Dependent key="4" type="2" schemaName="mbs_initiatinguseridyominame" parentSchemaName="mbs_pluginprofile" parentDisplayName="Plug-in Profile" />
      </MissingDependency>
      <MissingDependency>
        <Required key="1" type="1" schemaName="mbs_pluginprofile" displayName="Plug-in Profile" solution="PluginProfiler (2.0.0.0)" />
        <Dependent key="5" type="2" schemaName="mbs_initiatinguseridname" parentSchemaName="mbs_pluginprofile" parentDisplayName="Plug-in Profile" />
      </MissingDependency>
      <MissingDependency>
        <Required key="0" type="1" schemaName="msdyn_wallsavedqueryusersettings" displayName="Filter" solution="ActivityFeedsCore (8.2.0.0)" />
        <Dependent key="6" type="10" schemaName="msdyn_systemuser_wallsavedqueryusersettings_userid" displayName="msdyn_systemuser_wallsavedqueryusersettings_userid" parentSchemaName="msdyn_wallsavedqueryusersettings" parentDisplayName="Filter" />
      </MissingDependency>
      <MissingDependency>
        <Required key="1" type="1" schemaName="mbs_pluginprofile" displayName="Plug-in Profile" solution="PluginProfiler (2.0.0.0)" />
        <Dependent key="7" type="10" schemaName="mbs_systemuser_mbs_pluginprofile" displayName="mbs_systemuser_mbs_pluginprofile" parentSchemaName="mbs_pluginprofile" parentDisplayName="Plug-in Profile" />
      </MissingDependency>
      <MissingDependency>
        <Required key="8" type="2" schemaName="mbs_initiatinguserid" displayName="Initiating User" parentSchemaName="mbs_pluginprofile" parentDisplayName="Plug-in Profile" solution="PluginProfiler (2.0.0.0)" />
        <Dependent key="7" type="10" schemaName="mbs_systemuser_mbs_pluginprofile" displayName="mbs_systemuser_mbs_pluginprofile" parentSchemaName="mbs_pluginprofile" parentDisplayName="Plug-in Profile" />
      </MissingDependency>
      <MissingDependency>
        <Required key="9" type="2" schemaName="msdyn_userid" displayName="User Id" parentSchemaName="msdyn_wallsavedqueryusersettings" parentDisplayName="Filter" solution="ActivityFeedsCore (8.2.0.0)" />
        <Dependent key="6" type="10" schemaName="msdyn_systemuser_wallsavedqueryusersettings_userid" displayName="msdyn_systemuser_wallsavedqueryusersettings_userid" parentSchemaName="msdyn_wallsavedqueryusersettings" parentDisplayName="Filter" />
      </MissingDependency>
      <MissingDependency>
        <Required key="8" type="2" schemaName="mbs_initiatinguserid" displayName="Initiating User" parentSchemaName="mbs_pluginprofile" parentDisplayName="Plug-in Profile" solution="PluginProfiler (2.0.0.0)" />
        <Dependent key="8" type="2" schemaName="mbs_initiatinguserid" displayName="Initiating User" parentSchemaName="mbs_pluginprofile" parentDisplayName="Plug-in Profile" />
      </MissingDependency>
      <MissingDependency>
        <Required key="9" type="2" schemaName="msdyn_userid" displayName="User Id" parentSchemaName="msdyn_wallsavedqueryusersettings" parentDisplayName="Filter" solution="ActivityFeedsCore (8.2.0.0)" />
        <Dependent key="9" type="2" schemaName="msdyn_userid" displayName="User Id" parentSchemaName="msdyn_wallsavedqueryusersettings" parentDisplayName="Filter" />
      </MissingDependency>
      <MissingDependency>
        <Required key="7" type="10" schemaName="mbs_systemuser_mbs_pluginprofile" displayName="mbs_systemuser_mbs_pluginprofile" parentSchemaName="mbs_pluginprofile" parentDisplayName="Plug-in Profile" solution="PluginProfiler (2.0.0.0)" />
        <Dependent key="7" type="10" schemaName="mbs_systemuser_mbs_pluginprofile" displayName="mbs_systemuser_mbs_pluginprofile" parentSchemaName="mbs_pluginprofile" parentDisplayName="Plug-in Profile" />
      </MissingDependency>
      <MissingDependency>
        <Required key="6" type="10" schemaName="msdyn_systemuser_wallsavedqueryusersettings_userid" displayName="msdyn_systemuser_wallsavedqueryusersettings_userid" parentSchemaName="msdyn_wallsavedqueryusersettings" parentDisplayName="Filter" solution="ActivityFeedsCore (8.2.0.0)" />
        <Dependent key="6" type="10" schemaName="msdyn_systemuser_wallsavedqueryusersettings_userid" displayName="msdyn_systemuser_wallsavedqueryusersettings_userid" parentSchemaName="msdyn_wallsavedqueryusersettings" parentDisplayName="Filter" />
      </MissingDependency>
      <MissingDependency>
        <Required key="6" type="10" schemaName="msdyn_systemuser_wallsavedqueryusersettings_userid" displayName="msdyn_systemuser_wallsavedqueryusersettings_userid" parentSchemaName="msdyn_wallsavedqueryusersettings" parentDisplayName="Filter" solution="ActivityFeedsCore (8.2.0.0)" />
        <Dependent key="3" type="2" schemaName="msdyn_useridyominame" parentSchemaName="msdyn_wallsavedqueryusersettings" parentDisplayName="Filter" />
      </MissingDependency>
      <MissingDependency>
        <Required key="7" type="10" schemaName="mbs_systemuser_mbs_pluginprofile" displayName="mbs_systemuser_mbs_pluginprofile" parentSchemaName="mbs_pluginprofile" parentDisplayName="Plug-in Profile" solution="PluginProfiler (2.0.0.0)" />
        <Dependent key="4" type="2" schemaName="mbs_initiatinguseridyominame" parentSchemaName="mbs_pluginprofile" parentDisplayName="Plug-in Profile" />
      </MissingDependency>
      <MissingDependency>
        <Required key="7" type="10" schemaName="mbs_systemuser_mbs_pluginprofile" displayName="mbs_systemuser_mbs_pluginprofile" parentSchemaName="mbs_pluginprofile" parentDisplayName="Plug-in Profile" solution="PluginProfiler (2.0.0.0)" />
        <Dependent key="5" type="2" schemaName="mbs_initiatinguseridname" parentSchemaName="mbs_pluginprofile" parentDisplayName="Plug-in Profile" />
      </MissingDependency>
      <MissingDependency>
        <Required key="6" type="10" schemaName="msdyn_systemuser_wallsavedqueryusersettings_userid" displayName="msdyn_systemuser_wallsavedqueryusersettings_userid" parentSchemaName="msdyn_wallsavedqueryusersettings" parentDisplayName="Filter" solution="ActivityFeedsCore (8.2.0.0)" />
        <Dependent key="2" type="2" schemaName="msdyn_useridname" parentSchemaName="msdyn_wallsavedqueryusersettings" parentDisplayName="Filter" />
      </MissingDependency>
      <MissingDependency>
        <Required key="10" type="20" displayName="Activity Feeds" solution="ActivityFeedsCore (8.2.0.0)" id="{cb269f84-e19d-e011-b66c-00155db528b6}" />
        <Dependent key="11" type="60" displayName="Information" parentDisplayName="Candidate" id="{fa64fc8f-ecec-4c94-9efc-6e095146638e}" />
      </MissingDependency>
      <MissingDependency>
        <Required key="12" type="26" schemaName="Users Following" displayName="Users Following" parentSchemaName="systemuser" parentDisplayName="User" solution="ActivityFeedsCore (8.2.0.0)" id="{e8ac8d63-47ba-e011-b85e-00155d8a2749}" />
        <Dependent key="12" type="26" schemaName="Users Following" displayName="Users Following" parentSchemaName="systemuser" parentDisplayName="User" id="{e8ac8d63-47ba-e011-b85e-00155d8a2749}" />
      </MissingDependency>
      <MissingDependency>
        <Required key="13" type="26" schemaName="Users Being Followed" displayName="Users Being Followed" parentSchemaName="systemuser" parentDisplayName="User" solution="ActivityFeedsCore (8.2.0.0)" id="{0dda4fb7-84bc-e011-b85e-00155d8a2749}" />
        <Dependent key="13" type="26" schemaName="Users Being Followed" displayName="Users Being Followed" parentSchemaName="systemuser" parentDisplayName="User" id="{0dda4fb7-84bc-e011-b85e-00155d8a2749}" />
      </MissingDependency>
      <MissingDependency>
        <Required key="14" type="26" schemaName="Users I Follow" displayName="Users I Follow" parentSchemaName="systemuser" parentDisplayName="User" solution="ActivityFeedsCore (8.2.0.0)" id="{b2529a68-5f90-e011-95ae-00155d9cfa02}" />
        <Dependent key="14" type="26" schemaName="Users I Follow" displayName="Users I Follow" parentSchemaName="systemuser" parentDisplayName="User" id="{b2529a68-5f90-e011-95ae-00155d9cfa02}" />
      </MissingDependency>
      <MissingDependency>
        <Required key="15" type="26" schemaName="Users Who Follow You" displayName="Users Who Follow You" parentSchemaName="systemuser" parentDisplayName="User" solution="ActivityFeedsCore (8.2.0.0)" id="{1d482328-ab23-486b-b241-26603d367f4d}" />
        <Dependent key="15" type="26" schemaName="Users Who Follow You" displayName="Users Who Follow You" parentSchemaName="systemuser" parentDisplayName="User" id="{1d482328-ab23-486b-b241-26603d367f4d}" />
      </MissingDependency>
      <MissingDependency>
        <Required key="16" type="29" displayName="Place Candidates Action" solution="CJOforExport (1.0.0.1)" id="{f0c2583a-18e5-4f49-9c21-5f9405be8a55}" />
        <Dependent key="16" type="29" displayName="Place Candidates Action" id="{f0c2583a-18e5-4f49-9c21-5f9405be8a55}" />
      </MissingDependency>
      <MissingDependency>
        <Required key="17" type="61" schemaName="sabre_JobOrdersSelectionDialog.html" displayName="sabre_JobOrdersSelectionDialog.html" solution="CJOforExport (1.0.0.1)" />
        <Dependent key="17" type="61" schemaName="sabre_JobOrdersSelectionDialog.html" displayName="sabre_JobOrdersSelectionDialog.html" />
      </MissingDependency>
      <MissingDependency>
        <Required key="18" type="61" schemaName="sabre_jquery3.2.1.min.js" displayName="sabre_jquery3.2.1.min.js" solution="CJOforExport (1.0.0.1)" />
        <Dependent key="18" type="61" schemaName="sabre_jquery3.2.1.min.js" displayName="sabre_jquery3.2.1.min.js" />
      </MissingDependency>
      <MissingDependency>
        <Required key="19" type="61" schemaName="sabre_jquery.ui.min.js" displayName="sabre_jquery.ui.min.js" solution="CJOforExport (1.0.0.1)" />
        <Dependent key="19" type="61" schemaName="sabre_jquery.ui.min.js" displayName="sabre_jquery.ui.min.js" />
      </MissingDependency>
      <MissingDependency>
        <Required key="20" type="61" schemaName="sabre_jquery.ui.1.11.4.css" displayName="sabre_jquery.ui.1.11.4.css" solution="CJOforExport (1.0.0.1)" />
        <Dependent key="20" type="61" schemaName="sabre_jquery.ui.1.11.4.css" displayName="sabre_jquery.ui.1.11.4.css" />
      </MissingDependency>
      <MissingDependency>
        <Required key="21" type="61" schemaName="msdyn_/ActivityFeeds.Form.js" displayName="msdyn_/ActivityFeeds.Form.js" solution="ActivityFeedsCore (8.2.0.0)" />
        <Dependent key="22" type="60" displayName="Information" parentDisplayName="Contact" id="{894cc46a-b0cb-4ab0-8bf6-200544e46a2d}" />
      </MissingDependency>
      <MissingDependency>
        <Required key="23" type="61" schemaName="msdyn_/RecordWall.htm" displayName="msdyn_/RecordWall.htm" solution="ActivityFeedsCore (8.2.0.0)" />
        <Dependent key="22" type="60" displayName="Information" parentDisplayName="Contact" id="{894cc46a-b0cb-4ab0-8bf6-200544e46a2d}" />
      </MissingDependency>
      <MissingDependency>
        <Required key="23" type="61" schemaName="msdyn_/RecordWall.htm" displayName="msdyn_/RecordWall.htm" solution="ActivityFeedsCore (8.2.0.0)" />
        <Dependent key="24" type="60" displayName="Information" parentDisplayName="Company" id="{b053a39a-041a-4356-acef-ddf00182762b}" />
      </MissingDependency>
      <MissingDependency>
        <Required key="21" type="61" schemaName="msdyn_/ActivityFeeds.Form.js" displayName="msdyn_/ActivityFeeds.Form.js" solution="ActivityFeedsCore (8.2.0.0)" />
        <Dependent key="24" type="60" displayName="Information" parentDisplayName="Company" id="{b053a39a-041a-4356-acef-ddf00182762b}" />
      </MissingDependency>
      <MissingDependency>
        <Required key="25" type="61" schemaName="iq_/iqhtmleditor/index.html" displayName="iq_/iqhtmleditor/index.html" solution="xrmtinymce (1.0.0)" />
        <Dependent key="26" type="60" displayName="Main Form - Temp" parentDisplayName="Candidate" id="{594381d8-119d-4d3d-8d82-dcb58e3015bf}" />
      </MissingDependency>
      <MissingDependency>
        <Required key="27" type="61" schemaName="dcrmeg_dcrmeghtml" displayName="dcrmeg_dcrmeghtml" solution="DCRMEditableGrid (1.0.5.4)" />
        <Dependent key="26" type="60" displayName="Main Form - Temp" parentDisplayName="Candidate" id="{594381d8-119d-4d3d-8d82-dcb58e3015bf}" />
      </MissingDependency>
      <MissingDependency>
        <Required key="27" type="61" schemaName="dcrmeg_dcrmeghtml" displayName="dcrmeg_dcrmeghtml" solution="DCRMEditableGrid (1.0.5.4)" />
        <Dependent key="28" type="60" displayName="Main Form Temp" parentDisplayName="Job Order" id="{f961a579-6e46-4f5e-8b26-064ca09bff03}" />
      </MissingDependency>
      <MissingDependency>
        <Required key="25" type="61" schemaName="iq_/iqhtmleditor/index.html" displayName="iq_/iqhtmleditor/index.html" solution="xrmtinymce (1.0.0)" />
        <Dependent key="28" type="60" displayName="Main Form Temp" parentDisplayName="Job Order" id="{f961a579-6e46-4f5e-8b26-064ca09bff03}" />
      </MissingDependency>
      <MissingDependency>
        <Required key="27" type="61" schemaName="dcrmeg_dcrmeghtml" displayName="dcrmeg_dcrmeghtml" solution="DCRMEditableGrid (1.0.5.4)" />
        <Dependent key="11" type="60" displayName="Information" parentDisplayName="Candidate" id="{fa64fc8f-ecec-4c94-9efc-6e095146638e}" />
      </MissingDependency>
      <MissingDependency>
        <Required key="21" type="61" schemaName="msdyn_/ActivityFeeds.Form.js" displayName="msdyn_/ActivityFeeds.Form.js" solution="ActivityFeedsCore (8.2.0.0)" />
        <Dependent key="29" type="60" displayName="Information" parentDisplayName="Task" id="{b62ce022-cc0f-4c8c-bb29-21948f70dc74}" />
      </MissingDependency>
      <MissingDependency>
        <Required key="23" type="61" schemaName="msdyn_/RecordWall.htm" displayName="msdyn_/RecordWall.htm" solution="ActivityFeedsCore (8.2.0.0)" />
        <Dependent key="29" type="60" displayName="Information" parentDisplayName="Task" id="{b62ce022-cc0f-4c8c-bb29-21948f70dc74}" />
      </MissingDependency>
      <MissingDependency>
        <Required key="23" type="61" schemaName="msdyn_/RecordWall.htm" displayName="msdyn_/RecordWall.htm" solution="ActivityFeedsCore (8.2.0.0)" />
        <Dependent key="30" type="60" displayName="Information" parentDisplayName="User" id="{c0d7d7dd-afd0-4675-85fe-1cc5a48be6df}" />
      </MissingDependency>
      <MissingDependency>
        <Required key="21" type="61" schemaName="msdyn_/ActivityFeeds.Form.js" displayName="msdyn_/ActivityFeeds.Form.js" solution="ActivityFeedsCore (8.2.0.0)" />
        <Dependent key="30" type="60" displayName="Information" parentDisplayName="User" id="{c0d7d7dd-afd0-4675-85fe-1cc5a48be6df}" />
      </MissingDependency>
      <MissingDependency>
        <Required key="25" type="61" schemaName="iq_/iqhtmleditor/index.html" displayName="iq_/iqhtmleditor/index.html" solution="xrmtinymce (1.0.0)" />
        <Dependent key="31" type="60" displayName="Main Form - Perm" parentDisplayName="Candidate" id="{a23e5f6b-1c13-40cb-bee6-5a37acedab04}" />
      </MissingDependency>
      <MissingDependency>
        <Required key="27" type="61" schemaName="dcrmeg_dcrmeghtml" displayName="dcrmeg_dcrmeghtml" solution="DCRMEditableGrid (1.0.5.4)" />
        <Dependent key="31" type="60" displayName="Main Form - Perm" parentDisplayName="Candidate" id="{a23e5f6b-1c13-40cb-bee6-5a37acedab04}" />
      </MissingDependency>
      <MissingDependency>
        <Required key="25" type="61" schemaName="iq_/iqhtmleditor/index.html" displayName="iq_/iqhtmleditor/index.html" solution="xrmtinymce (1.0.0)" />
        <Dependent key="32" type="60" displayName="Main Form Perm" parentDisplayName="Job Order" id="{4cb680aa-180b-4300-b6cf-0ebb33d86bc2}" />
      </MissingDependency>
      <MissingDependency>
        <Required key="27" type="61" schemaName="dcrmeg_dcrmeghtml" displayName="dcrmeg_dcrmeghtml" solution="DCRMEditableGrid (1.0.5.4)" />
        <Dependent key="32" type="60" displayName="Main Form Perm" parentDisplayName="Job Order" id="{4cb680aa-180b-4300-b6cf-0ebb33d86bc2}" />
      </MissingDependency>
      <MissingDependency>
        <Required key="21" type="61" schemaName="msdyn_/ActivityFeeds.Form.js" displayName="msdyn_/ActivityFeeds.Form.js" solution="ActivityFeedsCore (8.2.0.0)" />
        <Dependent key="33" type="60" displayName="Information" parentDisplayName="Appointment" id="{f5af0c79-97db-4c3f-8d7e-62b53d9062d4}" />
      </MissingDependency>
      <MissingDependency>
        <Required key="23" type="61" schemaName="msdyn_/RecordWall.htm" displayName="msdyn_/RecordWall.htm" solution="ActivityFeedsCore (8.2.0.0)" />
        <Dependent key="33" type="60" displayName="Information" parentDisplayName="Appointment" id="{f5af0c79-97db-4c3f-8d7e-62b53d9062d4}" />
      </MissingDependency>
      <MissingDependency>
        <Required key="27" type="61" schemaName="dcrmeg_dcrmeghtml" displayName="dcrmeg_dcrmeghtml" solution="DCRMEditableGrid (1.0.5.4)" />
        <Dependent key="34" type="60" displayName="Main Form - Perm Old" parentDisplayName="Candidate" id="{63355cfa-fdff-4330-ad75-3053bdf770c2}" />
      </MissingDependency>
      <MissingDependency>
        <Required key="25" type="61" schemaName="iq_/iqhtmleditor/index.html" displayName="iq_/iqhtmleditor/index.html" solution="xrmtinymce (1.0.0)" />
        <Dependent key="34" type="60" displayName="Main Form - Perm Old" parentDisplayName="Candidate" id="{63355cfa-fdff-4330-ad75-3053bdf770c2}" />
      </MissingDependency>
    </MissingDependencies>
  </SolutionManifest>
</ImportExportXml>