<?xml version="1.0" encoding="UTF-8"?>
<Resume xml:lang="en" xmlns="http://ns.hr-xml.org/2006-02-28" xmlns:sov="http://sovren.com/hr-xml/2006-02-28">
	<ResumeId>
		<IdValue>String</IdValue>
	</ResumeId>
	<StructuredXMLResume>
		<ContactInfo>
			<PersonName>
				<FormattedName>String</FormattedName>
				<GivenName>String</GivenName>
				<PreferredGivenName>String</PreferredGivenName>
				<MiddleName>String</MiddleName>
				<FamilyName>String</FamilyName>
				<Affix type="aristocraticTitle">String</Affix>
			</PersonName>
			<ContactMethod>
				<Use>business</Use>
				<Location>office</Location>
				<WhenAvailable>String</WhenAvailable>
				<Telephone>
					<FormattedNumber>String</FormattedNumber>
				</Telephone>
				<Mobile>
					<FormattedNumber>String</FormattedNumber>
				</Mobile>
				<Fax>
					<FormattedNumber>String</FormattedNumber>
				</Fax>
				<Pager>
					<FormattedNumber>String</FormattedNumber>
				</Pager>
				<TTYTDD>
					<FormattedNumber>String</FormattedNumber>
				</TTYTDD>
				<InternetEmailAddress>String</InternetEmailAddress>
				<InternetWebAddress>String</InternetWebAddress>
				<PostalAddress>
					<CountryCode>AA</CountryCode>
					<PostalCode>String</PostalCode>
					<Region>String</Region>
					<Municipality>String</Municipality>
					<DeliveryAddress>
						<AddressLine>String</AddressLine>
					</DeliveryAddress>
				</PostalAddress>
			</ContactMethod>
			<ContactMethod>
				<Use>personal</Use>
				<Location>home</Location>
				<WhenAvailable>String</WhenAvailable>
				<Telephone>
					<InternationalCountryCode>1</InternationalCountryCode>
					<NationalNumber></NationalNumber>
					<AreaCityCode>800</AreaCityCode>
					<SubscriberNumber>555-1212</SubscriberNumber>
					<Extension>123</Extension>
				</Telephone>
			</ContactMethod>
		</ContactInfo>
		<ExecutiveSummary>String</ExecutiveSummary>
		<Objective>String</Objective>
		<EmploymentHistory>
			<EmployerOrg>
				<EmployerOrgName>String</EmployerOrgName>
				<PositionHistory>
					<Title>String</Title>
					<OrgName>
						<OrganizationName>String</OrganizationName>
					</OrgName>
					<OrgInfo>
						<PositionLocation type="String">
							<CountryCode>AA</CountryCode>
							<PostalCode>String</PostalCode>
							<Region>String</Region>
							<Municipality>String</Municipality>
						</PositionLocation>
						<WebSite>String</WebSite>
					</OrgInfo>
					<Description>String</Description>
					<StartDate>
						<AnyDate>1967-08-13</AnyDate>
					</StartDate>
					<EndDate>
						<AnyDate>1967-08-13</AnyDate>
					</EndDate>
					<Comments>String</Comments>
					<JobCategory>
						<TaxonomyName>String</TaxonomyName>
						<CategoryCode>String</CategoryCode>
					</JobCategory>
					<UserArea>
						<sov:PositionHistoryUserArea>
							<sov:Id>POS-1</sov:Id>
							<sov:CompanyNameProbability>0</sov:CompanyNameProbability>
							<sov:PositionTitleProbability>0</sov:PositionTitleProbability>
							<sov:OffsetOfFarthestDataFound>0</sov:OffsetOfFarthestDataFound>
							<sov:IsSelfEmployed>true</sov:IsSelfEmployed>
							<sov:SelfEmploymentPhrase>String</sov:SelfEmploymentPhrase>
							<sov:NumberOfEmployeesSupervised>0</sov:NumberOfEmployeesSupervised>
							<sov:Bullets>
								<sov:Bullet type="sentence">String</sov:Bullet>
								<sov:Bullet type="creativeTerm">String</sov:Bullet>
							</sov:Bullets>
						</sov:PositionHistoryUserArea>
					</UserArea>
				</PositionHistory>
				<UserArea/>
			</EmployerOrg>
		</EmploymentHistory>
		<EducationHistory>
			<SchoolOrInstitution schoolType="String">
				<School>
					<SchoolName>String</SchoolName>
				</School>
				<PostalAddress type="String">
					<CountryCode>AA</CountryCode>
					<PostalCode>String</PostalCode>
					<Region>String</Region>
					<Municipality>String</Municipality>
				</PostalAddress>
				<Degree degreeType="String">
					<DegreeName>String</DegreeName>
					<DegreeDate>
						<AnyDate>1967-08-13</AnyDate>
					</DegreeDate>
					<OtherHonors>String</OtherHonors>
					<DegreeMajor>
						<Name>String</Name>
					</DegreeMajor>
					<DegreeMinor>
						<Name>String</Name>
					</DegreeMinor>
					<DegreeMeasure>
						<EducationalMeasure>
							<MeasureSystem>String</MeasureSystem>
							<MeasureValue>
								<NumericValue>3.5</NumericValue>
							</MeasureValue>
							<LowestPossibleValue>
								<NumericValue>0.0</NumericValue>
							</LowestPossibleValue>
							<HighestPossibleValue>
								<NumericValue>4.0</NumericValue>
							</HighestPossibleValue>
						</EducationalMeasure>
					</DegreeMeasure>
					<DatesOfAttendance>
						<StartDate>
							<AnyDate>1967-08-13</AnyDate>
						</StartDate>
						<EndDate>
							<AnyDate>1967-08-13</AnyDate>
						</EndDate>
					</DatesOfAttendance>
					<Comments>String</Comments>
					<UserArea>
						<sov:DegreeUserArea>
							<sov:Id>DEG-1</sov:Id>
							<sov:Graduated>true</sov:Graduated>
							<sov:NormalizedGPA>0.915</sov:NormalizedGPA>
						</sov:DegreeUserArea>
					</UserArea>
				</Degree>
				<Comments>String</Comments>
				<UserArea/>
			</SchoolOrInstitution>
		</EducationHistory>
		<LicensesAndCertifications>
			<LicenseOrCertification>
				<Name>String</Name>
				<Id>String</Id>
				<IssuingAuthority>String</IssuingAuthority>
				<Description>String</Description>
				<EffectiveDate>
					<ValidFrom>
						<AnyDate>1967-08-13</AnyDate>
					</ValidFrom>
					<ValidTo>
						<AnyDate>1967-08-13</AnyDate>
					</ValidTo>
					<FirstIssuedDate>
						<AnyDate>1967-08-13</AnyDate>
					</FirstIssuedDate>
				</EffectiveDate>
			</LicenseOrCertification>
		</LicensesAndCertifications>
		<MilitaryHistory>
			<CountryServed>AA</CountryServed>
			<ServiceDetail branch="String">
				<UnitOrDivision>String</UnitOrDivision>
				<RankAchieved>
					<StartRank>String</StartRank>
					<CurrentOrEndRank>String</CurrentOrEndRank>
				</RankAchieved>
				<DatesOfService>
					<StartDate>
						<AnyDate>1967-08-13</AnyDate>
					</StartDate>
					<EndDate>
						<AnyDate>1967-08-13</AnyDate>
					</EndDate>
				</DatesOfService>
				<Campaign>String</Campaign>
				<AreaOfExpertise>String</AreaOfExpertise>
				<RecognitionAchieved>String</RecognitionAchieved>
				<DisciplinaryAction>String</DisciplinaryAction>
				<DischargeStatus>String</DischargeStatus>
			</ServiceDetail>
			<Comments>String</Comments>
		</MilitaryHistory>
		<PatentHistory>
			<Patent>
				<PatentTitle>String</PatentTitle>
				<Description>String</Description>
				<Inventors>
					<InventorName>String</InventorName>
				</Inventors>
				<PatentDetail>
					<IssuingAuthority>String</IssuingAuthority>
					<PatentMilestone>
						<Id>String</Id>
						<Status>PatentIssued</Status>
						<Date>1967-08-13</Date>
					</PatentMilestone>
				</PatentDetail>
			</Patent>
		</PatentHistory>
		<PublicationHistory>
			<FormattedPublicationDescription>String</FormattedPublicationDescription>
			<Article>
				<Title>String</Title>
				<Name role="String">
					<FormattedName>String</FormattedName>
					<GivenName>String</GivenName>
					<PreferredGivenName>String</PreferredGivenName>
					<MiddleName>String</MiddleName>
					<FamilyName>String</FamilyName>
					<Affix type="aristocraticTitle">String</Affix>
				</Name>
				<PublicationDate>
					<AnyDate>1967-08-13</AnyDate>
				</PublicationDate>
				<Copyright>
					<CopyrightText>String</CopyrightText>
				</Copyright>
				<Comments>String</Comments>
				<JournalOrSerialName>String</JournalOrSerialName>
				<Volume>String</Volume>
				<Issue>String</Issue>
				<PageNumber>String</PageNumber>
			</Article>
			<Book>
				<Title>String</Title>
				<Name role="String">
					<FormattedName>String</FormattedName>
					<GivenName>String</GivenName>
					<PreferredGivenName>String</PreferredGivenName>
					<MiddleName>String</MiddleName>
					<FamilyName>String</FamilyName>
					<Affix type="String">String</Affix>
				</Name>
				<PublicationDate>
					<AnyDate>1967-08-13</AnyDate>
				</PublicationDate>
				<Copyright>
					<CopyrightText>String</CopyrightText>
				</Copyright>
				<Comments>String</Comments>
				<ISBN>000000000,</ISBN>
				<PublisherName>String</PublisherName>
				<PublisherLocation>String</PublisherLocation>
			</Book>
			<ConferencePaper>
				<Title>String</Title>
				<Name role="String">
					<FormattedName>String</FormattedName>
					<GivenName>String</GivenName>
					<PreferredGivenName>String</PreferredGivenName>
					<MiddleName>String</MiddleName>
					<FamilyName>String</FamilyName>
					<Affix type="String">String</Affix>
				</Name>
				<PublicationDate>
					<AnyDate>1967-08-13</AnyDate>
				</PublicationDate>
				<Copyright>
					<CopyrightText>String</CopyrightText>
				</Copyright>
				<Comments>String</Comments>
				<EventName>String</EventName>
				<ConferenceLocation>String</ConferenceLocation>
			</ConferencePaper>
			<OtherPublication>
				<Title>String</Title>
				<Name role="String">
					<FormattedName>String</FormattedName>
					<GivenName>String</GivenName>
					<PreferredGivenName>String</PreferredGivenName>
					<MiddleName>String</MiddleName>
					<FamilyName>String</FamilyName>
					<Affix type="String">String</Affix>
				</Name>
				<PublicationDate>
					<AnyDate>1967-08-13</AnyDate>
				</PublicationDate>
				<Copyright>
					<CopyrightText>String</CopyrightText>
				</Copyright>
				<Comments>String</Comments>
				<PublisherName>String</PublisherName>
				<PublisherLocation>String</PublisherLocation>
			</OtherPublication>
		</PublicationHistory>
		<SpeakingEventsHistory>
			<SpeakingEvent>
				<Title>String</Title>
				<Role>String</Role>
				<StartDate>
					<AnyDate>1967-08-13</AnyDate>
				</StartDate>
				<EventName>String</EventName>
				<EventType>convention</EventType>
				<Location>String</Location>
				<Description>String</Description>
			</SpeakingEvent>
		</SpeakingEventsHistory>
		<Qualifications>
			<QualificationSummary>String</QualificationSummary>
			<Competency>
				<CompetencyId id="String"/>
				<TaxonomyId id="String" idOwner="String" description="String"/>
				<CompetencyEvidence name="String" typeDescription="String" typeId="String" lastUsed="String">
					<NumericValue>27</NumericValue>
				</CompetencyEvidence>
			</Competency>
		</Qualifications>
		<Languages>
			<Language>
				<LanguageCode>en</LanguageCode>
				<Read>true</Read>
				<Write>true</Write>
				<Speak>true</Speak>
				<Comments>String</Comments>
			</Language>
		</Languages>
		<Achievements>
			<Achievement>
				<Date>
					<AnyDate>1967-08-13</AnyDate>
				</Date>
				<Description>String</Description>
				<IssuingAuthority>String</IssuingAuthority>
			</Achievement>
		</Achievements>
		<Associations>
			<Association>
				<Name>String</Name>
				<StartDate>
					<AnyDate>1967-08-13</AnyDate>
				</StartDate>
				<EndDate>
					<AnyDate>1967-08-13</AnyDate>
				</EndDate>
				<Role>
					<Name>String</Name>
				</Role>
			</Association>
		</Associations>
		<References>
			<Reference>
				<PersonName>
					<FormattedName>String</FormattedName>
					<GivenName>String</GivenName>
					<PreferredGivenName>String</PreferredGivenName>
					<MiddleName>String</MiddleName>
					<FamilyName>String</FamilyName>
					<Affix type="String">String</Affix>
				</PersonName>
				<PositionTitle>String</PositionTitle>
				<ContactMethod>
					<Use>business</Use>
					<Location>office</Location>
					<WhenAvailable>String</WhenAvailable>
					<Telephone>
						<FormattedNumber>String</FormattedNumber>
					</Telephone>
					<Mobile>
						<FormattedNumber>String</FormattedNumber>
					</Mobile>
					<Fax>
						<FormattedNumber>String</FormattedNumber>
					</Fax>
					<Pager>
						<FormattedNumber>String</FormattedNumber>
					</Pager>
					<TTYTDD>
						<FormattedNumber>String</FormattedNumber>
					</TTYTDD>
					<InternetEmailAddress>String</InternetEmailAddress>
					<InternetWebAddress>String</InternetWebAddress>
					<PostalAddress>
						<CountryCode>AA</CountryCode>
						<PostalCode>String</PostalCode>
						<Region>String</Region>
						<Municipality>String</Municipality>
						<DeliveryAddress>
							<AddressLine>String</AddressLine>
						</DeliveryAddress>
					</PostalAddress>
				</ContactMethod>
				<ContactMethod>
					<Use>personal</Use>
					<Location>home</Location>
					<WhenAvailable>String</WhenAvailable>
					<Telephone>
						<InternationalCountryCode>1</InternationalCountryCode>
						<NationalNumber></NationalNumber>
						<AreaCityCode>800</AreaCityCode>
						<SubscriberNumber>555-1212</SubscriberNumber>
						<Extension>123</Extension>
					</Telephone>
				</ContactMethod>
				<Comments>String</Comments>
			</Reference>
		</References>
		<SecurityCredentials>
			<SecurityCredential>
				<Name>String</Name>
				<Id>String</Id>
				<IssuingAuthority>String</IssuingAuthority>
				<Description>String</Description>
				<EffectiveDate>
					<ValidFrom>
						<AnyDate>1967-08-13</AnyDate>
					</ValidFrom>
					<ValidTo>
						<AnyDate>1967-08-13</AnyDate>
					</ValidTo>
					<FirstIssuedDate>
						<AnyDate>1967-08-13</AnyDate>
					</FirstIssuedDate>
				</EffectiveDate>
			</SecurityCredential>
		</SecurityCredentials>
		<Comments>String</Comments>
		<RevisionDate>1967-08-13</RevisionDate>
	</StructuredXMLResume>
	<NonXMLResume>
		<TextResume>String</TextResume>
	</NonXMLResume>
	<UserArea>
		<sov:ResumeUserArea>
			<sov:Culture>
				<sov:Language>en</sov:Language>
				<sov:Country>US</sov:Country>
				<sov:CultureInfo>en-US</sov:CultureInfo>
			</sov:Culture>
			<sov:Location>
				<sov:Latitude inferred="bool">decimal -90 to 90</sov:Latitude>
				<sov:Longitude inferred="bool">decimal -180 to 180</sov:Longitude>
			</sov:Location>
			<sov:PersonalInformation>
				<sov:DateOfBirth inferred="bool">1967-08-13</sov:DateOfBirth>
				<sov:Birthplace>String</sov:Birthplace>
				<sov:Nationality inferred="bool">String</sov:Nationality>
				<sov:NationalIdentities>
					<sov:NationalIdentity>
						<sov:NationalIdentityNumber>String</sov:NationalIdentityNumber>
						<sov:NationalIdentityPhrase>String</sov:NationalIdentityPhrase>
						<sov:NationalIdentityType>String</sov:NationalIdentityType>
					</sov:NationalIdentity>
				</sov:NationalIdentities>
				<sov:Gender inferred="bool">Male</sov:Gender>
				<sov:MaritalStatus inferred="bool">Married</sov:MaritalStatus>
				<sov:DrivingLicense>String</sov:DrivingLicense>
				<sov:CurrentLocation>String</sov:CurrentLocation>
				<sov:PreferredLocation>String</sov:PreferredLocation>
				<sov:WillingToRelocate>Yes</sov:WillingToRelocate>
				<sov:FamilyComposition>String</sov:FamilyComposition>
				<sov:FathersName>String</sov:FathersName>
				<sov:MothersMaidenName>String</sov:MothersMaidenName>
				<sov:Availability>String</sov:Availability>
				<sov:VisaStatus>String</sov:VisaStatus>
				<sov:PassportNumber>String</sov:PassportNumber>
				<sov:CurrentSalary currency="USD">0.0</sov:CurrentSalary>
				<sov:RequiredSalary currency="USD">0.0</sov:RequiredSalary>
				<sov:HukouCity>String</sov:HukouCity>
				<sov:HukouArea>String</sov:HukouArea>
				<sov:PoliticalAffiliation>String</sov:PoliticalAffiliation>
				<sov:MessagingAddress type="String">String</sov:MessagingAddress>
				<sov:MotherTongue>en</sov:MotherTongue>
			</sov:PersonalInformation>
			<sov:ExperienceSummary>
				<sov:Description>String</sov:Description>
				<sov:MonthsOfWorkExperience>0</sov:MonthsOfWorkExperience>
				<sov:YearsOfWorkExperience>0</sov:YearsOfWorkExperience>
				<sov:MonthsOfManagementExperience>0</sov:MonthsOfManagementExperience>
				<sov:YearsOfManagementExperience>0</sov:YearsOfManagementExperience>
				<sov:CurrentManagementLevel>low-or-no-level</sov:CurrentManagementLevel>
				<sov:HighestManagementScore>0</sov:HighestManagementScore>
				<sov:ExecutiveType>none</sov:ExecutiveType>
				<sov:ManagementStory>String</sov:ManagementStory>
				<sov:BestFitTaxonomies>
					<sov:BestFitTaxonomy id="String" rootId="String" name="String" weight="1242.30" percentOfOverall="33.20" percentOfParent="33.20">
						<sov:BestFitTaxonomy id="String" rootId="String" name="String" weight="395.07" percentOfOverall="10.56" percentOfParent="31.80"  />
						<sov:BestFitTaxonomy id="String" rootId="String" name="String" weight="335.63" percentOfOverall="8.97" percentOfParent="27.02"  />
					</sov:BestFitTaxonomy>
					<sov:BestFitTaxonomy id="String" rootId="String" name="String" weight="890.63" percentOfOverall="23.80" percentOfParent="23.80">
						<sov:BestFitTaxonomy id="String" rootId="String" name="String" weight="890.63" percentOfOverall="23.80" percentOfParent="100.0"  />
					</sov:BestFitTaxonomy>
				</sov:BestFitTaxonomies>
			</sov:ExperienceSummary>
			<sov:TrainingHistory>
				<sov:Text>String</sov:Text>
				<sov:Training>
					<sov:Type>Unknown</sov:Type>
					<sov:TrainingName>String</sov:TrainingName>
					<sov:Qualifications>
						<sov:Qualification>String</sov:Qualification>
						<sov:Qualification>String</sov:Qualification>
					</sov:Qualifications>
					<sov:Entity>String</sov:Entity>
					<sov:Description>String</sov:Description>
					<sov:StartDate>
						<AnyDate>1967-08-13</AnyDate>
					</sov:StartDate>
					<sov:EndDate>
						<AnyDate>1967-08-13</AnyDate>
					</sov:EndDate>
				</sov:Training>
				<sov:Training>
					<sov:Type>Unknown</sov:Type>
					<sov:TrainingName>String</sov:TrainingName>
					<sov:Qualifications>
						<sov:Qualification>String</sov:Qualification>
						<sov:Qualification>String</sov:Qualification>
					</sov:Qualifications>
					<sov:Entity>String</sov:Entity>
					<sov:Description>String</sov:Description>
					<sov:StartDate>
						<AnyDate>1967-08-13</AnyDate>
					</sov:StartDate>
					<sov:EndDate>
						<AnyDate>1967-08-13</AnyDate>
					</sov:EndDate>
				</sov:Training>
			</sov:TrainingHistory>
			<sov:Sections>
				<sov:Section sectionType="String" starts="0" ends="0">String</sov:Section>
				<sov:Section sectionType="String" starts="0" ends="0">String</sov:Section>
			</sov:Sections>
			<sov:CustomData>
				<sov:CustomDataMatch type="String">String</sov:CustomDataMatch>
				<sov:CustomDataMatch type="String">String</sov:CustomDataMatch>
			</sov:CustomData>
			<sov:CoverLetterText>String</sov:CoverLetterText>
			<sov:ParsedTextLength>0</sov:ParsedTextLength>
			<sov:SearchHints>String</sov:SearchHints>
			<sov:ParseTime>0</sov:ParseTime>
			<sov:TimedOut type="soft">0</sov:TimedOut>
			<sov:LicenseSerialNumber>String</sov:LicenseSerialNumber>
			<sov:ParserConfigurationString>String</sov:ParserConfigurationString>
			<sov:ParserVersion>String</sov:ParserVersion>
		</sov:ResumeUserArea>
	</UserArea>
</Resume>
