﻿<?xml version="1.0" encoding="UTF-8"?>
<Resume xml:lang="en" xmlns="http://ns.hr-xml.org/2006-02-28" xmlns:sov="http://sovren.com/hr-xml/2006-02-28">
	<ResumeId>
		<IdValue />
	</ResumeId>
	<StructuredXMLResume>
		<ContactInfo>
			<PersonName>
				<FormattedName>John F. Adams, III</FormattedName>
				<GivenName>John</GivenName>
				<MiddleName>F.</MiddleName>
				<FamilyName>Adams</FamilyName>
				<Affix type="generation">III</Affix>
			</PersonName>
			<ContactMethod>
				<WhenAvailable>anytime</WhenAvailable>
				<PostalAddress type="undefined">
					<CountryCode>US</CountryCode>
					<PostalCode>92075</PostalCode>
					<Region>CA</Region>
					<Municipality>Solana Beach</Municipality>
					<DeliveryAddress>
						<AddressLine>930 Via Mil Cumbres Unit 119</AddressLine>
					</DeliveryAddress>
				</PostalAddress>
			</ContactMethod>
			<ContactMethod>
				<Use>personal</Use>
				<Location>onPerson</Location>
				<WhenAvailable>anytime</WhenAvailable>
				<Mobile>
					<FormattedNumber>(858) 555-1001</FormattedNumber>
				</Mobile>
			</ContactMethod>
			<ContactMethod>
				<Telephone>
					<FormattedNumber>(858) 555-1000</FormattedNumber>
				</Telephone>
			</ContactMethod>
			<ContactMethod>
				<WhenAvailable>anytime</WhenAvailable>
				<Fax>
					<FormattedNumber>(858) 555-1002</FormattedNumber>
				</Fax>
			</ContactMethod>
			<ContactMethod>
				<Use>personal</Use>
				<Location>onPerson</Location>
				<WhenAvailable>anytime</WhenAvailable>
				<InternetEmailAddress>johnadams@yamoo.com</InternetEmailAddress>
			</ContactMethod>
			<ContactMethod>
				<Use>businessDirect</Use>
				<Location>home</Location>
				<WhenAvailable>anytime</WhenAvailable>
				<InternetWebAddress>http://www.linkedin.com/in/johnadams</InternetWebAddress>
			</ContactMethod>
		</ContactInfo>
		<ExecutiveSummary>Development manager with 10 years of hands-on experience, specializing in Internet marketing and data-driven web sites.</ExecutiveSummary>
		<Objective>HRIS Applications development manager for a large ATS vendor or ASP in the HR space.</Objective>
		<EmploymentHistory>
			<EmployerOrg>
				<EmployerOrgName>Technical Difference</EmployerOrgName>
				<PositionHistory positionType="directHire" currentEmployer="true">
					<Title>Director of Web Applications Development</Title>
					<OrgName>
						<OrganizationName>Technical Difference</OrganizationName>
					</OrgName>
					<OrgInfo>
						<PositionLocation type="undefined">
							<CountryCode>US</CountryCode>
							<Region>CA</Region>
							<Municipality>Encinitas</Municipality>
						</PositionLocation>
					</OrgInfo>
					<Description>• Managed email marketing campaigns to attract new sales and retain customers.
• Add new technology to website to manage leads, increase response time and provide pertinent information to new customers.
• Convert current HRIS from VB to ASP to create complete web based solution.
• Added custom encryption coding to SQL and ASP web applications.
• Designed custom applicant tracking ASP program for large client.
• Designed customer support application to receive requests/files from clients, divert to appropriate support staff, and track issue from open to resolve.
• Supervised 15 employees.</Description>
					<StartDate>
						<YearMonth>2004-10</YearMonth>
					</StartDate>
					<EndDate>
						<StringDate>current</StringDate>
					</EndDate>
					<JobCategory>
						<TaxonomyName>DEPARTMENT</TaxonomyName>
						<CategoryCode>196</CategoryCode>
					</JobCategory>
					<JobCategory>
						<TaxonomyName>JOBCATEGORY</TaxonomyName>
						<CategoryCode>Executive (VP, Dept Head)</CategoryCode>
					</JobCategory>
					<UserArea>
						<sov:PositionHistoryUserArea>
							<sov:Id>POS-1</sov:Id>
							<sov:CompanyNameProbability>20</sov:CompanyNameProbability>
							<sov:PositionTitleProbability>36</sov:PositionTitleProbability>
							<sov:NumberOfEmployeesSupervised>15</sov:NumberOfEmployeesSupervised>
						</sov:PositionHistoryUserArea>
					</UserArea>
				</PositionHistory>
			</EmployerOrg>
			<EmployerOrg>
				<EmployerOrgName>Convergence Inc. LLC</EmployerOrgName>
				<PositionHistory positionType="directHire">
					<Title>Senior Web Developer/DBA</Title>
					<OrgName>
						<OrganizationName>Convergence Inc. LLC</OrganizationName>
					</OrgName>
					<OrgInfo>
						<PositionLocation type="undefined">
							<CountryCode>US</CountryCode>
							<Region>CA</Region>
							<Municipality>Del Mar</Municipality>
						</PositionLocation>
					</OrgInfo>
					<Description>• Developed special package sales on website for the Mighty Ducks of Anaheim.
• Managed email marketing campaigns for Mighty Ducks of Anaheim to generate interest in season passes, group sales, and special promotions.
• Developed event registration sites for Mazda, Mercedes, Volvo, Cadillac &amp; Mitsubishi.
• Developed web-based email tracking system for bulk mail sends to track all consumer actions upon opening an email sent from the system.
• Developed analytical reporting tool for clients to access results of bulk mail sends.
• Set up/deployed bulk mail campaigns for various companies through Exact Target.
• Consulted with clients about bulk mail results to help find their target audience.
• Helped customers to build their email database through various bulk mail promotions.
• Developed web-based contest applications for various seasonal marketing campaigns that included Email Marketing, Web Registration, Email Tracking, and Contest Reporting for the State of Connecticut Tourism Department.
• Developed Meeting Planner marketing tool for customers to plan/book meetings at any of over 200 hotels in Connecticut for the Connecticut Tourism Department.
• Primary contact for Automotive Ride &amp; Drive Marketing Campaigns.
• DBA SQL Server 7 &amp; 2000.</Description>
					<StartDate>
						<YearMonth>2003-03</YearMonth>
					</StartDate>
					<EndDate>
						<YearMonth>2004-12</YearMonth>
					</EndDate>
					<JobCategory>
						<TaxonomyName>DEPARTMENT</TaxonomyName>
						<CategoryCode>193</CategoryCode>
					</JobCategory>
					<JobCategory>
						<TaxonomyName>JOBCATEGORY</TaxonomyName>
						<CategoryCode>Experienced (non-manager)</CategoryCode>
					</JobCategory>
					<UserArea>
						<sov:PositionHistoryUserArea>
							<sov:Id>POS-2</sov:Id>
							<sov:CompanyNameProbability>29</sov:CompanyNameProbability>
							<sov:PositionTitleProbability>30</sov:PositionTitleProbability>
						</sov:PositionHistoryUserArea>
					</UserArea>
				</PositionHistory>
			</EmployerOrg>
			<EmployerOrg>
				<EmployerOrgName>Avalon Digital Marketing Systems, Inc</EmployerOrgName>
				<PositionHistory positionType="contract">
					<Title>Contractor - Web Development</Title>
					<OrgName>
						<OrganizationName>Avalon Digital Marketing Systems, Inc</OrganizationName>
					</OrgName>
					<Description>• Designed &amp; developed web-based gift fulfillment system for use by Mazda and their affiliates to intake consumer information from bulk mail sends, accept orders from consumers who completed their incentive program, and to report on all activity.
• Designed &amp; developed web-based event registration systems for Mercedes and Volvo including comprehensive reporting on system activity.
• Primary contact for Automotive Ride &amp; Drive Marketing Campaigns.</Description>
					<StartDate>
						<YearMonth>2002-05</YearMonth>
					</StartDate>
					<EndDate>
						<YearMonth>2003-03</YearMonth>
					</EndDate>
					<JobCategory>
						<TaxonomyName>DEPARTMENT</TaxonomyName>
						<CategoryCode>460</CategoryCode>
					</JobCategory>
					<JobCategory>
						<TaxonomyName>JOBCATEGORY</TaxonomyName>
						<CategoryCode>Experienced (non-manager)</CategoryCode>
					</JobCategory>
					<UserArea>
						<sov:PositionHistoryUserArea>
							<sov:Id>POS-3</sov:Id>
							<sov:CompanyNameProbability>19</sov:CompanyNameProbability>
							<sov:PositionTitleProbability>24</sov:PositionTitleProbability>
						</sov:PositionHistoryUserArea>
					</UserArea>
				</PositionHistory>
				<PositionHistory positionType="directHire">
					<Title>Web Developer/Junior DBA</Title>
					<OrgName>
						<OrganizationName>European Division</OrganizationName>
					</OrgName>
					<Description>• Designed and developed reporting system for use by 200+ customers to retrieve analytical analysis of their bulk mail campaigns.
• Designed &amp; developed sales reporting tool to analyze and present information about industry and client specific productivity of email marketing campaigns.
• Engineered various email campaigns to provide comprehensive tracking.
• Primary contact for Automotive Ride &amp; Drive Marketing Campaigns.
• Designed &amp; developed time keeping/project tracking system for use by all employees.
• Junior DBA SQL Server 7/2000.

Technical:</Description>
					<StartDate>
						<YearMonth>2000-05</YearMonth>
					</StartDate>
					<EndDate>
						<YearMonth>2002-04</YearMonth>
					</EndDate>
					<JobCategory>
						<TaxonomyName>DEPARTMENT</TaxonomyName>
						<CategoryCode>193</CategoryCode>
					</JobCategory>
					<JobCategory>
						<TaxonomyName>JOBCATEGORY</TaxonomyName>
						<CategoryCode>Entry Level</CategoryCode>
					</JobCategory>
					<UserArea>
						<sov:PositionHistoryUserArea>
							<sov:Id>POS-4</sov:Id>
							<sov:CompanyNameProbability>19</sov:CompanyNameProbability>
							<sov:PositionTitleProbability>22</sov:PositionTitleProbability>
						</sov:PositionHistoryUserArea>
					</UserArea>
				</PositionHistory>
			</EmployerOrg>
		</EmploymentHistory>
		<EducationHistory>
			<SchoolOrInstitution schoolType="university">
				<School>
					<SchoolName>California State University</SchoolName>
				</School>
				<PostalAddress type="undefined">
					<CountryCode>US</CountryCode>
					<Region>CA</Region>
					<Municipality>Chico</Municipality>
				</PostalAddress>
				<Degree degreeType="bachelors">
					<DegreeName>B.S.</DegreeName>
					<DegreeDate>
						<Year>1999</Year>
					</DegreeDate>
					<DegreeMajor>
						<Name>Business Administration</Name>
					</DegreeMajor>
					<DegreeMinor>
						<Name>American History</Name>
					</DegreeMinor>
					<DegreeMeasure>
						<EducationalMeasure>
							<MeasureSystem>GPA</MeasureSystem>
							<MeasureValue>
								<StringValue>3.66</StringValue>
							</MeasureValue>
							<LowestPossibleValue>
								<StringValue>0</StringValue>
							</LowestPossibleValue>
							<HighestPossibleValue>
								<StringValue>4.0</StringValue>
							</HighestPossibleValue>
						</EducationalMeasure>
					</DegreeMeasure>
					<DatesOfAttendance>
						<StartDate>
							<Year>1996</Year>
						</StartDate>
						<EndDate>
							<Year>1999</Year>
						</EndDate>
					</DatesOfAttendance>
					<Comments>California State University, Chico, CA	1996 - 1999
B.S. Business Administration
MINOR: American History
GPA: 3.66/4.0</Comments>
					<UserArea>
						<sov:DegreeUserArea>
							<sov:Id>DEG-1</sov:Id>
							<sov:NormalizedGPA>0.915</sov:NormalizedGPA>
						</sov:DegreeUserArea>
					</UserArea>
				</Degree>
			</SchoolOrInstitution>
			<SchoolOrInstitution schoolType="college">
				<School>
					<SchoolName>Butte College</SchoolName>
				</School>
				<Degree degreeType="associates">
					<DegreeName>A.A.</DegreeName>
					<DegreeDate>
						<Year>1996</Year>
					</DegreeDate>
					<DatesOfAttendance>
						<StartDate>
							<Year>1995</Year>
						</StartDate>
						<EndDate>
							<Year>1996</Year>
						</EndDate>
					</DatesOfAttendance>
					<Comments>Butte College, A.A.	1995 - 1996</Comments>
					<UserArea>
						<sov:DegreeUserArea>
							<sov:Id>DEG-2</sov:Id>
						</sov:DegreeUserArea>
					</UserArea>
				</Degree>
			</SchoolOrInstitution>
		</EducationHistory>
		<LicensesAndCertifications>
			<LicenseOrCertification>
				<Name>Project Management Professional</Name>
				<Description>certification; matched to list</Description>
			</LicenseOrCertification>
			<LicenseOrCertification>
				<Name>Sun Secure Global Desktop (Tarantella) System Administration</Name>
				<Description>certification</Description>
				<EffectiveDate>
					<FirstIssuedDate>
						<YearMonth>2001-09</YearMonth>
					</FirstIssuedDate>
				</EffectiveDate>
			</LicenseOrCertification>
			<LicenseOrCertification>
				<Name>• Watergate Master Plumber, Lic. #2445</Name>
				<Description>certification</Description>
			</LicenseOrCertification>
		</LicensesAndCertifications>
		<MilitaryHistory>
			<CountryServed>US</CountryServed>
			<ServiceDetail branch="Army">
				<RankAchieved>
					<CurrentOrEndRank>FIRST LIEUTENANT</CurrentOrEndRank>
				</RankAchieved>
				<DatesOfService>
					<StartDate>
						<Year>1966</Year>
					</StartDate>
					<EndDate>
						<Year>1967</Year>
					</EndDate>
				</DatesOfService>
			</ServiceDetail>
			<Comments>FIRST LIEUTENANT, US Army, Vietnam theatre, 1966-1967</Comments>
		</MilitaryHistory>
		<PatentHistory>
			<Patent>
				<PatentTitle>Method and Apparatus for Removing Corn Kernels From Dentures</PatentTitle>
				<Description>George Doam and Neil Griffin, inventors, "Method and Apparatus for Removing Corn Kernels From Dentures", Patent 1,064,098.</Description>
				<Inventors>
					<InventorName>George Doam and Neil Griffin</InventorName>
				</Inventors>
				<PatentDetail>
					<PatentMilestone>
						<Id>1064098</Id>
					</PatentMilestone>
				</PatentDetail>
			</Patent>
		</PatentHistory>
		<PublicationHistory>
			<Article>
				<Title>The Way Home: How GPS Restored My Profits and Saved My Business Life</Title>
				<PublicationDate>
					<Year>2001</Year>
				</PublicationDate>
				<JournalOrSerialName>published in the American Journal of the Lost And Clueless, . May 3</JournalOrSerialName>
				<Issue>Volume 1, Number 4</Issue>
			</Article>
		</PublicationHistory>
		<SpeakingEventsHistory>
			<SpeakingEvent>
				<EventName></EventName>
				<EventType>conference</EventType>
				<Description>Main Speaker, AYA Forum, 2006</Description>
			</SpeakingEvent>
		</SpeakingEventsHistory>
		<Qualifications>
			<QualificationSummary>Operating Systems: Windows 98/2000/NT/XP/2003, UNIX, DOS</QualificationSummary>
			<Competency name="MARKETING">
				<CompetencyId id="021241" />
				<TaxonomyId id="249" idOwner="14" description="Sovren" />
				<CompetencyEvidence name="MARKETING" typeDescription="Found in SUMMARY; WORK HISTORY; POS-1; POS-2; POS-3; POS-4" typeId="021241" lastUsed="2014-02-17">
					<NumericValue description="Total Months">168</NumericValue>
				</CompetencyEvidence>
			</Competency>
			<Competency name="SALES">
				<CompetencyId id="007359" />
				<TaxonomyId id="105" idOwner="20" description="Sovren" />
				<CompetencyEvidence name="SALES" typeDescription="Found in WORK HISTORY; POS-1; POS-2; POS-4" typeId="007359" lastUsed="2014-02-17">
					<NumericValue description="Total Months">159</NumericValue>
				</CompetencyEvidence>
			</Competency>
			<Competency name="SQL">
				<CompetencyId id="008481" />
				<TaxonomyId id="193" idOwner="10" description="Sovren" />
				<CompetencyEvidence name="SQL" typeDescription="Found in TRAINING; WORK HISTORY; POS-1; POS-2; POS-4" typeId="008481" lastUsed="2014-02-17">
					<NumericValue description="Total Months">159</NumericValue>
				</CompetencyEvidence>
			</Competency>
			<Competency name="WEB BASED">
				<CompetencyId id="024402" />
				<TaxonomyId id="196" idOwner="10" description="Sovren" />
				<CompetencyEvidence name="WEB BASED" typeDescription="Found in WORK HISTORY; POS-1; POS-2; POS-3" typeId="024402" lastUsed="2014-02-17">
					<NumericValue description="Total Months">146</NumericValue>
				</CompetencyEvidence>
			</Competency>
			<Competency name="CLIENTS">
				<CompetencyId id="030017" />
				<TaxonomyId id="105" idOwner="20" description="Sovren" />
				<CompetencyEvidence name="CLIENTS" typeDescription="Found in WORK HISTORY; POS-1; POS-2" typeId="030017" lastUsed="2014-02-17">
					<NumericValue description="Total Months">135</NumericValue>
				</CompetencyEvidence>
			</Competency>
			<Competency name="APPLICATIONS DEVELOPMENT">
				<CompetencyId id="021803" />
				<TaxonomyId id="204" idOwner="10" description="Sovren" />
				<CompetencyEvidence name="APPLICATIONS DEVELOPMENT" typeDescription="Found in WORK HISTORY; POS-1" typeId="021803" lastUsed="2014-02-17">
					<NumericValue description="Total Months">113</NumericValue>
				</CompetencyEvidence>
			</Competency>
			<Competency name="ASP">
				<CompetencyId id="004324" />
				<TaxonomyId id="196" idOwner="10" description="Sovren" />
				<CompetencyEvidence name="ASP" typeDescription="Found in WORK HISTORY; POS-1" typeId="004324" lastUsed="2014-02-17">
					<NumericValue description="Total Months">113</NumericValue>
				</CompetencyEvidence>
			</Competency>
			<Competency name="CODING">
				<CompetencyId id="013739" />
				<TaxonomyId id="204" idOwner="10" description="Sovren" />
				<CompetencyEvidence name="CODING" typeDescription="Found in WORK HISTORY; POS-1" typeId="013739" lastUsed="2014-02-17">
					<NumericValue description="Total Months">113</NumericValue>
				</CompetencyEvidence>
			</Competency>
			<Competency name="CODING">
				<CompetencyId id="013740" />
				<TaxonomyId id="412" idOwner="19" description="Sovren" />
				<CompetencyEvidence name="CODING" typeDescription="Found in WORK HISTORY; POS-1" typeId="013740" lastUsed="2014-02-17">
					<NumericValue description="Total Months">113</NumericValue>
				</CompetencyEvidence>
			</Competency>
			<Competency name="CODING">
				<CompetencyId id="013742" />
				<TaxonomyId id="270" idOwner="28" description="Sovren" />
				<CompetencyEvidence name="CODING" typeDescription="Found in WORK HISTORY; POS-1" typeId="013742" lastUsed="2014-02-17">
					<NumericValue description="Total Months">113</NumericValue>
				</CompetencyEvidence>
			</Competency>
			<Competency name="CODING">
				<CompetencyId id="023716" />
				<TaxonomyId id="111" idOwner="1" description="Sovren" />
				<CompetencyEvidence name="CODING" typeDescription="Found in WORK HISTORY; POS-1" typeId="023716" lastUsed="2014-02-17">
					<NumericValue description="Total Months">113</NumericValue>
				</CompetencyEvidence>
			</Competency>
			<Competency name="CODING">
				<CompetencyId id="023717" />
				<TaxonomyId id="421" idOwner="99" description="Sovren" />
				<CompetencyEvidence name="CODING" typeDescription="Found in WORK HISTORY; POS-1" typeId="023717" lastUsed="2014-02-17">
					<NumericValue description="Total Months">113</NumericValue>
				</CompetencyEvidence>
			</Competency>
			<Competency name="CUSTOMER SUPPORT">
				<CompetencyId id="023486" />
				<TaxonomyId id="113" idOwner="1" description="Sovren" />
				<CompetencyEvidence name="CUSTOMER SUPPORT" typeDescription="Found in WORK HISTORY; POS-1" typeId="023486" lastUsed="2014-02-17">
					<NumericValue description="Total Months">113</NumericValue>
				</CompetencyEvidence>
			</Competency>
			<Competency name="CUSTOMER SUPPORT">
				<CompetencyId id="023487" />
				<TaxonomyId id="194" idOwner="10" description="Sovren" />
				<CompetencyEvidence name="CUSTOMER SUPPORT" typeDescription="Found in WORK HISTORY; POS-1" typeId="023487" lastUsed="2014-02-17">
					<NumericValue description="Total Months">113</NumericValue>
				</CompetencyEvidence>
			</Competency>
			<Competency name="CUSTOMER SUPPORT">
				<CompetencyId id="023488" />
				<TaxonomyId id="130" idOwner="46" description="Sovren" />
				<CompetencyEvidence name="CUSTOMER SUPPORT" typeDescription="Found in WORK HISTORY; POS-1" typeId="023488" lastUsed="2014-02-17">
					<NumericValue description="Total Months">113</NumericValue>
				</CompetencyEvidence>
			</Competency>
			<Competency name="ENCRYPTION">
				<CompetencyId id="026706" />
				<TaxonomyId id="338" idOwner="10" description="Sovren" />
				<CompetencyEvidence name="ENCRYPTION" typeDescription="Found in WORK HISTORY; POS-1" typeId="026706" lastUsed="2014-02-17">
					<NumericValue description="Total Months">113</NumericValue>
				</CompetencyEvidence>
			</Competency>
			<Competency name="ENCRYPTION">
				<CompetencyId id="026707" />
				<TaxonomyId id="144" idOwner="5" description="Sovren" />
				<CompetencyEvidence name="ENCRYPTION" typeDescription="Found in WORK HISTORY; POS-1" typeId="026707" lastUsed="2014-02-17">
					<NumericValue description="Total Months">113</NumericValue>
				</CompetencyEvidence>
			</Competency>
			<Competency name="HRIS">
				<CompetencyId id="027117" />
				<TaxonomyId id="195" idOwner="10" description="Sovren" />
				<CompetencyEvidence name="HRIS" typeDescription="Found in WORK HISTORY; POS-1" typeId="027117" lastUsed="2014-02-17">
					<NumericValue description="Total Months">113</NumericValue>
				</CompetencyEvidence>
			</Competency>
			<Competency name="HRIS">
				<CompetencyId id="027118" />
				<TaxonomyId id="259" idOwner="9" description="Sovren" />
				<CompetencyEvidence name="HRIS" typeDescription="Found in WORK HISTORY; POS-1" typeId="027118" lastUsed="2014-02-17">
					<NumericValue description="Total Months">113</NumericValue>
				</CompetencyEvidence>
			</Competency>
			<Competency name="INCREASE">
				<CompetencyId id="030007" />
				<TaxonomyId id="105" idOwner="20" description="Sovren" />
				<CompetencyEvidence name="INCREASE" typeDescription="Found in WORK HISTORY; POS-1" typeId="030007" lastUsed="2014-02-17">
					<NumericValue description="Total Months">113</NumericValue>
				</CompetencyEvidence>
			</Competency>
			<Competency name="LEADS">
				<CompetencyId id="030009" />
				<TaxonomyId id="105" idOwner="20" description="Sovren" />
				<CompetencyEvidence name="LEADS" typeDescription="Found in WORK HISTORY; POS-1" typeId="030009" lastUsed="2014-02-17">
					<NumericValue description="Total Months">113</NumericValue>
				</CompetencyEvidence>
			</Competency>
			<Competency name="NEW SALES">
				<CompetencyId id="030543" />
				<TaxonomyId id="105" idOwner="20" description="Sovren" />
				<CompetencyEvidence name="NEW SALES" typeDescription="Found in WORK HISTORY; POS-1" typeId="030543" lastUsed="2014-02-17">
					<NumericValue description="Total Months">113</NumericValue>
				</CompetencyEvidence>
			</Competency>
			<Competency name="SALES AND">
				<CompetencyId id="030004" />
				<TaxonomyId id="105" idOwner="20" description="Sovren" />
				<CompetencyEvidence name="SALES AND" typeDescription="Found in WORK HISTORY; POS-1" typeId="030004" lastUsed="2014-02-17">
					<NumericValue description="Total Months">113</NumericValue>
				</CompetencyEvidence>
			</Competency>
			<Competency name="AUTOMOTIVE">
				<CompetencyId id="022139" />
				<TaxonomyId id="307" idOwner="5" description="Sovren" />
				<CompetencyEvidence name="AUTOMOTIVE" typeDescription="Found in WORK HISTORY; POS-2; POS-3; POS-4" typeId="022139" lastUsed="2004-12-01">
					<NumericValue description="Total Months">57</NumericValue>
				</CompetencyEvidence>
			</Competency>
			<Competency name="MS SQL SERVER">
				<CompetencyId id="023733" />
				<TaxonomyId id="193" idOwner="10" description="Sovren" />
				<CompetencyEvidence name="MS SQL SERVER" typeDescription="Found in TRAINING; WORK HISTORY; POS-2; POS-4" typeId="023733" lastUsed="2004-12-01">
					<NumericValue description="Total Months">46</NumericValue>
				</CompetencyEvidence>
			</Competency>
			<Competency name="SQL SERVER">
				<CompetencyId id="008483" idOwner="023733" />
				<TaxonomyId id="193" idOwner="10" description="Sovren" />
				<CompetencyEvidence name="SQL SERVER" typeDescription="Found in TRAINING; WORK HISTORY; POS-2; POS-4" typeId="008483" lastUsed="2004-12-01">
					<NumericValue description="Total Months">46</NumericValue>
				</CompetencyEvidence>
			</Competency>
			<Competency name="WEB-BASED">
				<CompetencyId id="02440201" idOwner="024402" />
				<TaxonomyId id="196" idOwner="10" description="Sovren" />
				<CompetencyEvidence name="WEB-BASED" typeDescription="Found in WORK HISTORY; POS-2; POS-3" typeId="02440201" lastUsed="2004-12-01">
					<NumericValue description="Total Months">33</NumericValue>
				</CompetencyEvidence>
			</Competency>
			<Competency name="DEVELOPED SALES">
				<CompetencyId id="030380" />
				<TaxonomyId id="105" idOwner="20" description="Sovren" />
				<CompetencyEvidence name="DEVELOPED SALES" typeDescription="Found in WORK HISTORY; POS-4" typeId="030380" lastUsed="2002-04-01">
					<NumericValue description="Total Months">24</NumericValue>
				</CompetencyEvidence>
			</Competency>
			<Competency name="DATABASE">
				<CompetencyId id="015022" />
				<TaxonomyId id="228" idOwner="0" description="Sovren" />
				<CompetencyEvidence name="DATABASE" typeDescription="Found in WORK HISTORY; POS-2" typeId="015022" lastUsed="2004-12-01">
					<NumericValue description="Total Months">22</NumericValue>
				</CompetencyEvidence>
			</Competency>
			<Competency name="DATABASE">
				<CompetencyId id="022486" />
				<TaxonomyId id="201" idOwner="10" description="Sovren" />
				<CompetencyEvidence name="DATABASE" typeDescription="Found in WORK HISTORY; POS-2" typeId="022486" lastUsed="2004-12-01">
					<NumericValue description="Total Months">22</NumericValue>
				</CompetencyEvidence>
			</Competency>
			<Competency name="FULFILLMENT">
				<CompetencyId id="018024" />
				<TaxonomyId id="460" idOwner="97" description="Sovren" />
				<CompetencyEvidence name="FULFILLMENT" typeDescription="Found in WORK HISTORY; POS-3" typeId="018024" lastUsed="2003-03-01">
					<NumericValue description="Total Months">11</NumericValue>
				</CompetencyEvidence>
			</Competency>
			<Competency name="SUN">
				<CompetencyId id="008895" />
				<TaxonomyId id="203" idOwner="10" description="Sovren" />
				<CompetencyEvidence name="SUN" typeDescription="Found in CERTIFICATIONS; LICENSES" typeId="008895" lastUsed="2001-09-01">
					<NumericValue description="Total Months">6</NumericValue>
				</CompetencyEvidence>
			</Competency>
			<Competency name="SYSTEM ADMINISTRATION">
				<CompetencyId id="009077" idOwner="009105" />
				<TaxonomyId id="198" idOwner="10" description="Sovren" />
				<CompetencyEvidence name="SYSTEM ADMINISTRATION" typeDescription="Found in CERTIFICATIONS; LICENSES" typeId="009077" lastUsed="2001-09-01">
					<NumericValue description="Total Months">6</NumericValue>
				</CompetencyEvidence>
			</Competency>
			<Competency name="SYSTEMS ADMINISTRATION">
				<CompetencyId id="009105" />
				<TaxonomyId id="198" idOwner="10" description="Sovren" />
				<CompetencyEvidence name="SYSTEMS ADMINISTRATION" typeDescription="Found in CERTIFICATIONS; LICENSES" typeId="009105" lastUsed="2001-09-01">
					<NumericValue description="Total Months">6</NumericValue>
				</CompetencyEvidence>
			</Competency>
			<Competency name=".NET">
				<CompetencyId id="023039" />
				<TaxonomyId id="204" idOwner="10" description="Sovren" />
				<CompetencyEvidence name=".NET" typeDescription="Found in TRAINING" typeId="023039">
					<NumericValue description="Total Months">6</NumericValue>
				</CompetencyEvidence>
			</Competency>
			<Competency name="ACCESS">
				<CompetencyId id="003891" />
				<TaxonomyId id="228" idOwner="0" description="Sovren" />
				<CompetencyEvidence name="ACCESS" typeDescription="Found in WORK HISTORY" typeId="003891">
					<NumericValue description="Total Months">6</NumericValue>
				</CompetencyEvidence>
			</Competency>
			<Competency name="ACCESS 97">
				<CompetencyId id="004355" idOwner="024531" />
				<TaxonomyId id="228" idOwner="0" description="Sovren" />
				<CompetencyEvidence name="ACCESS 97" typeDescription="Found in WORK HISTORY" typeId="004355">
					<NumericValue description="Total Months">6</NumericValue>
				</CompetencyEvidence>
			</Competency>
			<Competency name="DATABASES">
				<CompetencyId id="026776" />
				<TaxonomyId id="228" idOwner="0" description="Sovren" />
				<CompetencyEvidence name="DATABASES" typeDescription="Found in WORK HISTORY" typeId="026776">
					<NumericValue description="Total Months">6</NumericValue>
				</CompetencyEvidence>
			</Competency>
			<Competency name="DATABASES">
				<CompetencyId id="026777" />
				<TaxonomyId id="193" idOwner="10" description="Sovren" />
				<CompetencyEvidence name="DATABASES" typeDescription="Found in WORK HISTORY" typeId="026777">
					<NumericValue description="Total Months">6</NumericValue>
				</CompetencyEvidence>
			</Competency>
			<Competency name="DOS">
				<CompetencyId id="015597" />
				<TaxonomyId id="299" idOwner="0" description="Sovren" />
				<CompetencyEvidence name="DOS" typeDescription="Found in SKILLS" typeId="015597">
					<NumericValue description="Total Months">6</NumericValue>
				</CompetencyEvidence>
			</Competency>
			<Competency name="FORENSICS">
				<CompetencyId id="017875" />
				<TaxonomyId id="376" idOwner="15" description="Sovren" />
				<CompetencyEvidence name="FORENSICS" typeDescription="Found in PERSONAL INTERESTS AND ACCOMPLISHMENTS" typeId="017875">
					<NumericValue description="Total Months">6</NumericValue>
				</CompetencyEvidence>
			</Competency>
			<Competency name="GPS">
				<CompetencyId id="018529" />
				<TaxonomyId id="307" idOwner="5" description="Sovren" />
				<CompetencyEvidence name="GPS" typeDescription="Found in OTHER_PUBLICATIONS" typeId="018529">
					<NumericValue description="Total Months">6</NumericValue>
				</CompetencyEvidence>
			</Competency>
			<Competency name="GPS">
				<CompetencyId id="018530" />
				<TaxonomyId id="144" idOwner="5" description="Sovren" />
				<CompetencyEvidence name="GPS" typeDescription="Found in OTHER_PUBLICATIONS" typeId="018530">
					<NumericValue description="Total Months">6</NumericValue>
				</CompetencyEvidence>
			</Competency>
			<Competency name="GPS">
				<CompetencyId id="018531" />
				<TaxonomyId id="298" idOwner="5" description="Sovren" />
				<CompetencyEvidence name="GPS" typeDescription="Found in OTHER_PUBLICATIONS" typeId="018531">
					<NumericValue description="Total Months">6</NumericValue>
				</CompetencyEvidence>
			</Competency>
			<Competency name="HTML">
				<CompetencyId id="019115" />
				<TaxonomyId id="204" idOwner="10" description="Sovren" />
				<CompetencyEvidence name="HTML" typeDescription="Found in WORK HISTORY" typeId="019115">
					<NumericValue description="Total Months">6</NumericValue>
				</CompetencyEvidence>
			</Competency>
			<Competency name="INTERNET MARKETING">
				<CompetencyId id="020053" />
				<TaxonomyId id="249" idOwner="14" description="Sovren" />
				<CompetencyEvidence name="INTERNET MARKETING" typeDescription="Found in SUMMARY" typeId="020053">
					<NumericValue description="Total Months">6</NumericValue>
				</CompetencyEvidence>
			</Competency>
			<Competency name="JAVASCRIPT">
				<CompetencyId id="025394" />
				<TaxonomyId id="339" idOwner="10" description="Sovren" />
				<CompetencyEvidence name="JAVASCRIPT" typeDescription="Found in WORK HISTORY" typeId="025394">
					<NumericValue description="Total Months">6</NumericValue>
				</CompetencyEvidence>
			</Competency>
			<Competency name="JOURNAL">
				<CompetencyId id="026929" />
				<TaxonomyId id="944" idOwner="32" description="Sovren" />
				<CompetencyEvidence name="JOURNAL" typeDescription="Found in OTHER_PUBLICATIONS" typeId="026929">
					<NumericValue description="Total Months">6</NumericValue>
				</CompetencyEvidence>
			</Competency>
			<Competency name="JOURNAL">
				<CompetencyId id="026930" />
				<TaxonomyId id="960" idOwner="32" description="Sovren" />
				<CompetencyEvidence name="JOURNAL" typeDescription="Found in OTHER_PUBLICATIONS" typeId="026930">
					<NumericValue description="Total Months">6</NumericValue>
				</CompetencyEvidence>
			</Competency>
			<Competency name="MICROSOFT SQL SERVER">
				<CompetencyId id="022023" idOwner="023733" />
				<TaxonomyId id="193" idOwner="10" description="Sovren" />
				<CompetencyEvidence name="MICROSOFT SQL SERVER" typeDescription="Found in TRAINING" typeId="022023">
					<NumericValue description="Total Months">6</NumericValue>
				</CompetencyEvidence>
			</Competency>
			<Competency name="MICROSOFT VISUAL BASIC">
				<CompetencyId id="022042" idOwner="022210" />
				<TaxonomyId id="204" idOwner="10" description="Sovren" />
				<CompetencyEvidence name="MICROSOFT VISUAL BASIC" typeDescription="Found in TRAINING" typeId="022042">
					<NumericValue description="Total Months">6</NumericValue>
				</CompetencyEvidence>
			</Competency>
			<Competency name="MICROSOFT VISUAL BASIC .NET">
				<CompetencyId id="022043" idOwner="023284" />
				<TaxonomyId id="204" idOwner="10" description="Sovren" />
				<CompetencyEvidence name="MICROSOFT VISUAL BASIC .NET" typeDescription="Found in TRAINING" typeId="022043">
					<NumericValue description="Total Months">6</NumericValue>
				</CompetencyEvidence>
			</Competency>
			<Competency name="MICROSOFT WINDOWS">
				<CompetencyId id="024345" />
				<TaxonomyId id="299" idOwner="0" description="Sovren" />
				<CompetencyEvidence name="MICROSOFT WINDOWS" typeDescription="Found in SKILLS" typeId="024345">
					<NumericValue description="Total Months">6</NumericValue>
				</CompetencyEvidence>
			</Competency>
			<Competency name="MS ACCESS">
				<CompetencyId id="024531" />
				<TaxonomyId id="228" idOwner="0" description="Sovren" />
				<CompetencyEvidence name="MS ACCESS" typeDescription="Found in WORK HISTORY" typeId="024531">
					<NumericValue description="Total Months">6</NumericValue>
				</CompetencyEvidence>
			</Competency>
			<Competency name="ORACLE">
				<CompetencyId id="031048" />
				<TaxonomyId id="193" idOwner="10" description="Sovren" />
				<CompetencyEvidence name="ORACLE" typeDescription="Found in WORK HISTORY" typeId="031048">
					<NumericValue description="Total Months">6</NumericValue>
				</CompetencyEvidence>
			</Competency>
			<Competency name="PATENT">
				<CompetencyId id="200094" />
				<TaxonomyId id="395" idOwner="12" description="Sovren" />
				<CompetencyEvidence name="PATENT" typeDescription="Found in PATENTS" typeId="200094">
					<NumericValue description="Total Months">6</NumericValue>
				</CompetencyEvidence>
			</Competency>
			<Competency name="PHP">
				<CompetencyId id="004736" />
				<TaxonomyId id="204" idOwner="10" description="Sovren" />
				<CompetencyEvidence name="PHP" typeDescription="Found in WORK HISTORY" typeId="004736">
					<NumericValue description="Total Months">6</NumericValue>
				</CompetencyEvidence>
			</Competency>
			<Competency name="PROJECT MANAGEMENT">
				<CompetencyId id="0216662" />
				<TaxonomyId id="199" idOwner="10" description="Sovren" />
				<CompetencyEvidence name="PROJECT MANAGEMENT" typeDescription="Found in CERTIFICATIONS; TRAINING" typeId="0216662">
					<NumericValue description="Total Months">6</NumericValue>
				</CompetencyEvidence>
			</Competency>
			<Competency name="SERVER ADMINISTRATION">
				<CompetencyId id="007798" />
				<TaxonomyId id="349" idOwner="10" description="Sovren" />
				<CompetencyEvidence name="SERVER ADMINISTRATION" typeDescription="Found in TRAINING" typeId="007798">
					<NumericValue description="Total Months">6</NumericValue>
				</CompetencyEvidence>
			</Competency>
			<Competency name="UNIX">
				<CompetencyId id="01026309" />
				<TaxonomyId id="203" idOwner="10" description="Sovren" />
				<CompetencyEvidence name="UNIX" typeDescription="Found in SKILLS" typeId="01026309">
					<NumericValue description="Total Months">6</NumericValue>
				</CompetencyEvidence>
			</Competency>
			<Competency name="VBSCRIPT">
				<CompetencyId id="010438" />
				<TaxonomyId id="204" idOwner="10" description="Sovren" />
				<CompetencyEvidence name="VBSCRIPT" typeDescription="Found in WORK HISTORY" typeId="010438">
					<NumericValue description="Total Months">6</NumericValue>
				</CompetencyEvidence>
			</Competency>
			<Competency name="VISUAL BASIC">
				<CompetencyId id="022210" />
				<TaxonomyId id="204" idOwner="10" description="Sovren" />
				<CompetencyEvidence name="VISUAL BASIC" typeDescription="Found in TRAINING" typeId="022210">
					<NumericValue description="Total Months">6</NumericValue>
				</CompetencyEvidence>
			</Competency>
			<Competency name="VISUAL BASIC .NET">
				<CompetencyId id="010595" idOwner="023284" />
				<TaxonomyId id="204" idOwner="10" description="Sovren" />
				<CompetencyEvidence name="VISUAL BASIC .NET" typeDescription="Found in TRAINING" typeId="010595">
					<NumericValue description="Total Months">6</NumericValue>
				</CompetencyEvidence>
			</Competency>
			<Competency name="VISUAL BASIC 6.0">
				<CompetencyId id="023284" />
				<TaxonomyId id="204" idOwner="10" description="Sovren" />
				<CompetencyEvidence name="VISUAL BASIC 6.0" typeDescription="Found in TRAINING" typeId="023284">
					<NumericValue description="Total Months">6</NumericValue>
				</CompetencyEvidence>
			</Competency>
			<Competency name="WINDOWS 98">
				<CompetencyId id="011148" idOwner="024345" />
				<TaxonomyId id="299" idOwner="0" description="Sovren" />
				<CompetencyEvidence name="WINDOWS 98" typeDescription="Found in SKILLS" typeId="011148">
					<NumericValue description="Total Months">6</NumericValue>
				</CompetencyEvidence>
			</Competency>
			<Competency name="XML">
				<CompetencyId id="011476" />
				<TaxonomyId id="204" idOwner="10" description="Sovren" />
				<CompetencyEvidence name="XML" typeDescription="Found in WORK HISTORY" typeId="011476">
					<NumericValue description="Total Months">6</NumericValue>
				</CompetencyEvidence>
			</Competency>
		</Qualifications>
		<Languages>
			<Language>
				<LanguageCode>en</LanguageCode>
				<Read>true</Read>
				<Write>true</Write>
				<Speak>true</Speak>
				<Comments>English [MOTHER_TONGUE]</Comments>
			</Language>
			<Language>
				<LanguageCode>ps</LanguageCode>
				<Read>true</Read>
				<Write>true</Write>
				<Speak>true</Speak>
				<Comments>Fluent in Pashto, Urdu and French.</Comments>
			</Language>
			<Language>
				<LanguageCode>ur</LanguageCode>
				<Read>true</Read>
				<Write>true</Write>
				<Speak>true</Speak>
				<Comments>Fluent in Pashto, Urdu and French.</Comments>
			</Language>
			<Language>
				<LanguageCode>fr</LanguageCode>
				<Read>true</Read>
				<Write>true</Write>
				<Speak>true</Speak>
				<Comments>Fluent in Pashto, Urdu and French.</Comments>
			</Language>
		</Languages>
		<Achievements>
			<Achievement>
				<Description>Awarded Medal of Merit by the Royal Society of Forensics, 2005</Description>
			</Achievement>
		</Achievements>
		<Associations>
			<Association>
				<Name>Association of Retired Military Document Examiners</Name>
				<Role>
					<Name>Member</Name>
				</Role>
			</Association>
		</Associations>
		<References>
			<Reference>
				<PersonName>
					<FormattedName>Babs Smith</FormattedName>
					<GivenName>Babs</GivenName>
					<FamilyName>Smith</FamilyName>
				</PersonName>
				<PositionTitle>Manager</PositionTitle>
				<ContactMethod>
					<Use>business</Use>
					<Location>office</Location>
					<WhenAvailable>anytime</WhenAvailable>
					<PostalAddress type="undefined">
						<CountryCode>US</CountryCode>
						<PostalCode>46559</PostalCode>
						<Region>VA</Region>
						<Municipality>Richmond</Municipality>
						<DeliveryAddress>
							<AddressLine>1234 Farmington Way</AddressLine>
						</DeliveryAddress>
					</PostalAddress>
				</ContactMethod>
				<ContactMethod>
					<Use>business</Use>
					<Location>office</Location>
					<WhenAvailable>anytime</WhenAvailable>
					<InternetEmailAddress>babs@somers.com</InternetEmailAddress>
				</ContactMethod>
				<ContactMethod>
					<Telephone>
						<FormattedNumber>845-876-0988</FormattedNumber>
					</Telephone>
				</ContactMethod>
				<Comments>[OrgName=Somers Products, Inc]</Comments>
			</Reference>
		</References>
		<SecurityCredentials>
			<SecurityCredential>
				<Name>Top Secret, expires 2007</Name>
				<EffectiveDate>
					<FirstIssuedDate>
						<Year>2007</Year>
					</FirstIssuedDate>
				</EffectiveDate>
			</SecurityCredential>
		</SecurityCredentials>
		<RevisionDate>2014-02-17</RevisionDate>
	</StructuredXMLResume>
	<NonXMLResume>
		<TextResume>Dear Sir or Madam,

I am very interested in the Director of Development position that you posted. I am eager to move to New York. I have extensive hands-on experience with the technologies your staff is using and I have been managing a similar size staff for the past 5 years.

Sincerely,

John


RESUME

John F. Adams III

930 Via Mil Cumbres Unit 119, Solana Beach, CA 92075
johnadams@yamoo.com
(858) 555-1000
(858) 555-1001 cell
(858) 555-1002 fax
http://www.linkedin.com/in/johnadams


Summary: Development manager with 10 years of hands-on experience, specializing in Internet marketing and data-driven web sites.

Objective: HRIS Applications development manager for a large ATS vendor or ASP in the HR space.

Experience: Technical Difference, Encinitas, CA	October 2004 - Current
Director of Web Applications Development
• Managed email marketing campaigns to attract new sales and retain customers.
• Add new technology to website to manage leads, increase response time and provide pertinent information to new customers.
• Convert current HRIS from VB to ASP to create complete web based solution.
• Added custom encryption coding to SQL and ASP web applications.
• Designed custom applicant tracking ASP program for large client.
• Designed customer support application to receive requests/files from clients, divert to appropriate support staff, and track issue from open to resolve.
• Supervised 15 employees.

Convergence Inc. LLC, Del Mar, CA	March 2003 - December 2004
Senior Web Developer/DBA
• Developed special package sales on website for the Mighty Ducks of Anaheim.
• Managed email marketing campaigns for Mighty Ducks of Anaheim to generate interest in season passes, group sales, and special promotions.
• Developed event registration sites for Mazda, Mercedes, Volvo, Cadillac &amp; Mitsubishi.
• Developed web-based email tracking system for bulk mail sends to track all consumer actions upon opening an email sent from the system.
• Developed analytical reporting tool for clients to access results of bulk mail sends.
• Set up/deployed bulk mail campaigns for various companies through Exact Target.
• Consulted with clients about bulk mail results to help find their target audience.
• Helped customers to build their email database through various bulk mail promotions.
• Developed web-based contest applications for various seasonal marketing campaigns that included Email Marketing, Web Registration, Email Tracking, and Contest Reporting for the State of Connecticut Tourism Department.
• Developed Meeting Planner marketing tool for customers to plan/book meetings at any of over 200 hotels in Connecticut for the Connecticut Tourism Department.
• Primary contact for Automotive Ride &amp; Drive Marketing Campaigns.
• DBA SQL Server 7 &amp; 2000.

Avalon Digital Marketing Systems, Inc.	May 2002 - March 2003
Contractor - Web Development
• Designed &amp; developed web-based gift fulfillment system for use by Mazda and their affiliates to intake consumer information from bulk mail sends, accept orders from consumers who completed their incentive program, and to report on all activity.
• Designed &amp; developed web-based event registration systems for Mercedes and Volvo including comprehensive reporting on system activity.
• Primary contact for Automotive Ride &amp; Drive Marketing Campaigns.

Avalon Digital Marketing Systems, Inc. (European Division)	May 2000 - April 2002
Web Developer/Junior DBA
• Designed and developed reporting system for use by 200+ customers to retrieve analytical analysis of their bulk mail campaigns.
• Designed &amp; developed sales reporting tool to analyze and present information about industry and client specific productivity of email marketing campaigns.
• Engineered various email campaigns to provide comprehensive tracking.
• Primary contact for Automotive Ride &amp; Drive Marketing Campaigns.
• Designed &amp; developed time keeping/project tracking system for use by all employees.
• Junior DBA SQL Server 7/2000.

Technical: Languages: ASP, HTML, VBScript, JavaScript, VB, XML, PHP
Databases: SQL Server 6.5/7/2000, Oracle 9i, Access 97/2000
Operating Systems: Windows 98/2000/NT/XP/2003, UNIX, DOS

Education: California State University, Chico, CA	1996 - 1999
B.S. Business Administration
MINOR: American History
GPA: 3.66/4.0

Butte College, A.A.	1995 - 1996

Training
• Project Management Professional, Project Management Institute, 2005
• Microsoft Visual Basic .NET, 2001
• Microsoft SQL Server Administration, 2000

Languages
Fluent in Pashto, Urdu and French.

Professional Affiliations
Member of the Association of Retired Military Document Examiners

Awards
Awarded Medal of Merit by the Royal Society of Forensics, 2005

Certifications &amp; Licenses
• September, 2001: Sun Secure Global Desktop (Tarantella) System Administration
• Watergate Master Plumber, Lic. #2445

Patents
George Doam and Neil Griffin, inventors, "Method and Apparatus for Removing Corn Kernels From Dentures", Patent 1,064,098.

Speaking Engagements
Main Speaker, AYA Forum, 2006

Publications
"The Way Home: How GPS Restored My Profits and Saved My Business Life", published in the American Journal of the Lost And Clueless, Volume 1, Number 4. May 3, 2001

Military Service
FIRST LIEUTENANT, US Army, Vietnam theatre, 1966-1967

Security Clearances
Top Secret, expires 2007

References
Babs Smith
Manager, Somers Products, Inc.
1234 Farmington Way
Richmond, VA 46559
845-876-0988
babs@somers.com

Personal Information
Date of Birth: October 20, 1977
Place of Birth: Los Angeles, CA
Nationality: US
Social Security Number: 111-22-3333
Gender: Male
Married: Yes
Driving License: CA-123123123
Current Location: Solana Beach, CA
Preferred Location: Boston, MA
Willing to Relocate: Yes
Family: Wife and 2 children
Father's Name: John Adams, II
Mother's Maiden Name: Angela Harris
Availability: Immediate, with 2 weeks notice
Visa Status: Green Card, expires March 2012
Passport Number: US-456456456
Current Salary: $100,000
Required Salary: $110,000
Mother Tongue: English</TextResume>
	</NonXMLResume>
	<UserArea>
		<sov:ResumeUserArea>
			<sov:Culture>
				<sov:Language>en</sov:Language>
				<sov:Country>US</sov:Country>
				<sov:CultureInfo>en-US</sov:CultureInfo>
			</sov:Culture>
			<sov:Location>
				<sov:Latitude inferred="true">32.9959</sov:Latitude>
				<sov:Longitude inferred="true">-117.2571</sov:Longitude>
			</sov:Location>
			<sov:PersonalInformation>
				<sov:DateOfBirth>1977-10-20</sov:DateOfBirth>
				<sov:Birthplace>Los Angeles, CA</sov:Birthplace>
				<sov:Nationality>US</sov:Nationality>
				<sov:NationalIdentities>
					<sov:NationalIdentity>
						<sov:NationalIdentityNumber>111-22-3333</sov:NationalIdentityNumber>
						<sov:NationalIdentityPhrase>Social Security Number</sov:NationalIdentityPhrase>
					</sov:NationalIdentity>
				</sov:NationalIdentities>
				<sov:Gender>Male</sov:Gender>
				<sov:MaritalStatus>Married</sov:MaritalStatus>
				<sov:DrivingLicense>CA-123123123</sov:DrivingLicense>
				<sov:CurrentLocation>Solana Beach, CA</sov:CurrentLocation>
				<sov:PreferredLocation>Boston, MA</sov:PreferredLocation>
				<sov:WillingToRelocate>Yes</sov:WillingToRelocate>
				<sov:FamilyComposition>Family: Wife and 2 children</sov:FamilyComposition>
				<sov:FathersName>John Adams, II</sov:FathersName>
				<sov:MothersMaidenName>Angela Harris</sov:MothersMaidenName>
				<sov:Availability>Immediate, with 2 weeks notice</sov:Availability>
				<sov:VisaStatus>Green Card, expires March 2012</sov:VisaStatus>
				<sov:PassportNumber>US-456456456</sov:PassportNumber>
				<sov:CurrentSalary currency="USD">100000.00</sov:CurrentSalary>
				<sov:RequiredSalary currency="USD">110000.00</sov:RequiredSalary>
				<!-- The following elements were manually added to this XML, for documentation purposes -->
				<sov:HukouCity>湛江市</sov:HukouCity>
				<sov:HukouArea>海南</sov:HukouArea>
				<sov:PoliticalAffiliation>党员</sov:PoliticalAffiliation>
				<sov:MessagingAddress type="ICQ">john3@adams.com</sov:MessagingAddress>
				<!-- End of manually added elements -->
				<sov:MotherTongue>en</sov:MotherTongue>
			</sov:PersonalInformation>
			<sov:ExperienceSummary>
				<sov:Description>John F. Adams's experience appears to be concentrated in Information Technology / Database, with exposure to Sales / General. John F. Adams has 14 years of work experience, with 9 years of management experience, including a mid-level position.</sov:Description>
				<sov:MonthsOfWorkExperience>168</sov:MonthsOfWorkExperience>
				<sov:YearsOfWorkExperience>14</sov:YearsOfWorkExperience>
				<sov:MonthsOfManagementExperience>114</sov:MonthsOfManagementExperience>
				<sov:YearsOfManagementExperience>10</sov:YearsOfManagementExperience>
				<sov:CurrentManagementLevel>mid-level</sov:CurrentManagementLevel>
				<sov:HighestManagementScore>55</sov:HighestManagementScore>
				<sov:ExecutiveType>business_dev</sov:ExecutiveType>
				<sov:ManagementStory>The following management-related items were found:
• Supervised 15 employees.

Current position is a mid-level management role: Director of Web Applications Development
Starting on 10/1/2004, the candidate held the following mid-level management position for 9 years and 6 months:
	Title: Director of Web Applications Development for Technical Difference</sov:ManagementStory>
				<sov:BestFitTaxonomies>
					<sov:BestFitTaxonomy id="10" rootId="Sovren" name="Information Technology" weight="2157.08" percentOfOverall="37.14" percentOfParent="37.14">
						<sov:BestFitTaxonomy id="193" rootId="Sovren" name="Database" weight="613.72" percentOfOverall="10.57" percentOfParent="28.45" />
						<sov:BestFitTaxonomy id="196" rootId="Sovren" name="Internet" weight="539.61" percentOfOverall="9.29" percentOfParent="25.02" />
					</sov:BestFitTaxonomy>
					<sov:BestFitTaxonomy id="20" rootId="Sovren" name="Sales" weight="1368.32" percentOfOverall="23.56" percentOfParent="23.56">
						<sov:BestFitTaxonomy id="105" rootId="Sovren" name="General" weight="1368.32" percentOfOverall="23.56" percentOfParent="100.00" />
					</sov:BestFitTaxonomy>
				</sov:BestFitTaxonomies>
			</sov:ExperienceSummary>
			<sov:TrainingHistory>
				<sov:Text>• Project Management Professional, Project Management Institute, 2005
• Microsoft Visual Basic .NET, 2001
• Microsoft SQL Server Administration, 2000
</sov:Text>
				<sov:Training>
					<sov:Type>Unknown</sov:Type>
					<sov:TrainingName />
					<sov:Qualifications>
						<sov:Qualification>Project Management Professional</sov:Qualification>
					</sov:Qualifications>
					<sov:Entity />
					<sov:Description>Project Management Professional, Project Management Institute, 2005
• Microsoft Visual Basic .NET, 2001</sov:Description>
					<sov:EndDate>
						<Year>2005</Year>
					</sov:EndDate>
				</sov:Training>
				<sov:Training>
					<sov:Type>Unknown</sov:Type>
					<sov:TrainingName />
					<sov:Entity />
					<sov:Description>Microsoft SQL Server Administration, 2000</sov:Description>
					<sov:EndDate>
						<Year>2000</Year>
					</sov:EndDate>
				</sov:Training>
			</sov:TrainingHistory>
			<sov:Sections>
				<sov:Section starts="21" ends="22" sectionType="SUMMARY">Summary</sov:Section>
				<sov:Section starts="23" ends="24" sectionType="OBJECTIVE">Objective</sov:Section>
				<sov:Section starts="25" ends="66" sectionType="WORK HISTORY">Experience</sov:Section>
				<sov:Section starts="67" ends="68" sectionType="SKILLS">Operating Systems</sov:Section>
				<sov:Section starts="69" ends="75" sectionType="EDUCATION">Education</sov:Section>
				<sov:Section starts="76" ends="80" sectionType="TRAINING">Training</sov:Section>
				<sov:Section starts="81" ends="83" sectionType="LANGUAGES">Languages</sov:Section>
				<sov:Section starts="84" ends="86" sectionType="PROFESSIONAL AFFILIATIONS">Professional Affiliations</sov:Section>
				<sov:Section starts="87" ends="89" sectionType="PERSONAL INTERESTS AND ACCOMPLISHMENTS">Awards</sov:Section>
				<sov:Section starts="90" ends="93" sectionType="LICENSES">Certifications &amp; Licenses</sov:Section>
				<sov:Section starts="94" ends="96" sectionType="PATENTS">Patents</sov:Section>
				<sov:Section starts="97" ends="99" sectionType="SPEAKING">Speaking Engagements</sov:Section>
				<sov:Section starts="100" ends="102" sectionType="OTHER_PUBLICATIONS">Publications</sov:Section>
				<sov:Section starts="103" ends="105" sectionType="MILITARY">Military Service</sov:Section>
				<sov:Section starts="106" ends="108" sectionType="SECURITY_CLEARANCES">Security Clearances</sov:Section>
				<sov:Section starts="109" ends="116" sectionType="REFERENCES">References</sov:Section>
				<sov:Section starts="117" ends="135" sectionType="CONTACT INFO">Personal Information</sov:Section>
				<sov:Section starts="136" ends="136" sectionType="LANGUAGES">Mother Tongue</sov:Section>
			</sov:Sections>
			<sov:CustomData>
				<sov:CustomDataMatch type="SocialNetworkingUrls">http://www.linkedin.com/in/johnadams</sov:CustomDataMatch>
			</sov:CustomData>
			<sov:CoverLetterText>Dear Sir or Madam,

I am very interested in the Director of Development position that you posted. I am eager to move to New York. I have extensive hands-on experience with the technologies your staff is using and I have been managing a similar size staff for the past 5 years.

Sincerely,</sov:CoverLetterText>
			<sov:ParsedTextLength>6505</sov:ParsedTextLength>
			<sov:ParseTime>359</sov:ParseTime>
			<sov:ParserConfigurationString>_100000_0_00000000_0000000010111101_1_0001111111111111111102010001001110001110000000000000001110</sov:ParserConfigurationString>
			<sov:ParserVersion>7.3.7300.5</sov:ParserVersion>
		</sov:ResumeUserArea>
	</UserArea>
	<!--  Parser Version: 7.3.7300.5  -->
</Resume>